Pop,ID,Tem,Heart,ABT
CNS,1,19.5,46,32.08
CNS,1,19.6,47,32.08
CNS,1,19.6,47,32.08
CNS,1,19.6,49,32.08
CNS,1,19.6,48,32.08
CNS,1,19.7,48,32.08
CNS,1,19.7,45,32.08
CNS,1,19.7,48,32.08
CNS,1,19.8,44,32.08
CNS,1,19.8,49,32.08
CNS,1,19.8,48,32.08
CNS,1,19.9,48,32.08
CNS,1,19.9,45,32.08
CNS,1,20,45,32.08
CNS,1,20,46,32.08
CNS,1,20,49,32.08
CNS,1,20.1,48,32.08
CNS,1,20.2,48,32.08
CNS,1,20.2,48,32.08
CNS,1,20.2,48,32.08
CNS,1,20.3,46,32.08
CNS,1,20.4,45,32.08
CNS,1,20.4,45,32.08
CNS,1,20.5,48,32.08
CNS,1,20.6,44,32.08
CNS,1,20.6,44,32.08
CNS,1,20.7,47,32.08
CNS,1,20.9,44,32.08
CNS,1,21,44,32.08
CNS,1,20.9,43,32.08
CNS,1,21,49,32.08
CNS,1,21.1,48,32.08
CNS,1,21.3,44,32.08
CNS,1,21.4,48,32.08
CNS,1,21.5,50,32.08
CNS,1,21.8,52,32.08
CNS,1,21.9,51,32.08
CNS,1,22,56,32.08
CNS,1,22.2,52,32.08
CNS,1,22.2,54,32.08
CNS,1,22.3,53,32.08
CNS,1,22.4,56,32.08
CNS,1,22.5,58,32.08
CNS,1,22.6,59,32.08
CNS,1,22.7,59,32.08
CNS,1,22.8,60,32.08
CNS,1,22.9,61,32.08
CNS,1,22.9,57,32.08
CNS,1,23.1,60,32.08
CNS,1,23.2,60,32.08
CNS,1,23.2,60,32.08
CNS,1,23.3,62,32.08
CNS,1,23.4,61,32.08
CNS,1,23.5,61,32.08
CNS,1,23.6,61,32.08
CNS,1,23.7,58,32.08
CNS,1,23.8,61,32.08
CNS,1,23.9,61,32.08
CNS,1,24,62,32.08
CNS,1,24.1,62,32.08
CNS,1,24.2,62,32.08
CNS,1,24.4,62,32.08
CNS,1,24.4,64,32.08
CNS,1,24.5,63,32.08
CNS,1,24.6,64,32.08
CNS,1,24.6,65,32.08
CNS,1,24.8,65,32.08
CNS,1,25,65,32.08
CNS,1,25,66,32.08
CNS,1,25.2,67,32.08
CNS,1,25.3,66,32.08
CNS,1,25.4,66,32.08
CNS,1,25.5,66,32.08
CNS,1,25.8,68,32.08
CNS,1,25.5,69,32.08
CNS,1,25.6,68,32.08
CNS,1,25.8,68,32.08
CNS,1,25.9,68,32.08
CNS,1,26,69,32.08
CNS,1,26.1,70,32.08
CNS,1,26.2,69,32.08
CNS,1,26.2,69,32.08
CNS,1,26.3,72,32.08
CNS,1,26.4,71,32.08
CNS,1,26.5,71,32.08
CNS,1,26.6,72,32.08
CNS,1,26.8,72,32.08
CNS,1,26.8,75,32.08
CNS,1,26.9,74,32.08
CNS,1,27,74,32.08
CNS,1,27.1,74,32.08
CNS,1,27.2,74,32.08
CNS,1,27.2,74,32.08
CNS,1,27.5,75,32.08
CNS,1,27.5,75,32.08
CNS,1,27.5,72,32.08
CNS,1,27.7,74,32.08
CNS,1,27.8,77,32.08
CNS,1,27.9,74,32.08
CNS,1,27.9,76,32.08
CNS,1,28.1,77,32.08
CNS,1,28.1,74,32.08
CNS,1,28.2,76,32.08
CNS,1,28.4,74,32.08
CNS,1,28.5,77,32.08
CNS,1,28.5,72,32.08
CNS,1,28.6,76,32.08
CNS,1,28.6,77,32.08
CNS,1,28.7,73,32.08
CNS,1,29.1,77,32.08
CNS,1,29,74,32.08
CNS,1,29,69,32.08
CNS,1,29.2,76,32.08
CNS,1,29.2,72,32.08
CNS,1,29.5,75,32.08
CNS,1,29.6,74,32.08
CNS,1,29.6,72,32.08
CNS,1,29.6,73,32.08
CNS,1,29.7,73,32.08
CNS,1,29.8,70,32.08
CNS,1,30.2,74,32.08
CNS,1,30.3,73,32.08
CNS,1,30.5,72,32.08
CNS,1,30.6,70,32.08
CNS,1,31.1,72,32.08
CNS,1,31.5,73,32.08
CNS,1,31.5,75,32.08
CNS,1,31.6,67,32.08
CNS,1,31.7,64,32.08
CNS,1,31.9,69,32.08
CNS,1,32.1,63,32.08
CNS,1,32,66,32.08
CNS,1,32,66,32.08
CNS,1,32.3,68,32.08
CNS,1,32.3,67,32.08
CNS,1,32.5,69,32.08
CNS,1,32.5,64,32.08
CNS,1,32.7,66,32.08
CNS,1,32.7,65,32.08
CNS,1,32.8,64,32.08
CNS,1,32.9,65,32.08
CNS,1,32.9,62,32.08
CNS,1,33,60,32.08
CNS,1,33.2,64,32.08
CNS,1,33.3,60,32.08
CNS,1,33.4,56,32.08
CNS,1,33.7,59,32.08
CNS,1,33.6,54,32.08
CNS,1,33.9,53,32.08
CNS,1,34.2,39,32.08
CNS,1,34.3,30,32.08
CNS,1,34.3,30,32.08
CNS,1,34.5,22,32.08
CNS,1,34.5,24,32.08
CNS,1,34.5,17,32.08
CNS,1,34.6,15,32.08
CNS,1,34.8,22,32.08
CNS,1,34.7,16,32.08
CNS,1,34.8,14,32.08
CNS,1,35,11,32.08
CNS,1,35.2,14,32.08
CNS,1,35.1,10,32.08
CNS,1,35.2,6,32.08
CNS,1,35.5,7,32.08
CNS,1,35.5,5,32.08
CNS,1,35.7,6,32.08
CNS,1,35.7,5,32.08
CNS,2,19.5,42,31.98
CNS,2,19.5,44,31.98
CNS,2,19.5,44,31.98
CNS,2,19.5,43,31.98
CNS,2,19.5,43,31.98
CNS,2,19.5,44,31.98
CNS,2,19.5,44,31.98
CNS,2,19.5,43,31.98
CNS,2,19.5,46,31.98
CNS,2,19.5,44,31.98
CNS,2,19.6,45,31.98
CNS,2,19.6,45,31.98
CNS,2,19.6,46,31.98
CNS,2,19.6,44,31.98
CNS,2,19.6,44,31.98
CNS,2,19.6,44,31.98
CNS,2,19.7,45,31.98
CNS,2,19.7,45,31.98
CNS,2,19.7,47,31.98
CNS,2,19.8,47,31.98
CNS,2,19.8,47,31.98
CNS,2,19.8,47,31.98
CNS,2,19.9,44,31.98
CNS,2,19.9,47,31.98
CNS,2,19.9,48,31.98
CNS,2,20,47,31.98
CNS,2,20,48,31.98
CNS,2,20.1,48,31.98
CNS,2,20.2,46,31.98
CNS,2,20.2,46,31.98
CNS,2,20.3,46,31.98
CNS,2,20.4,47,31.98
CNS,2,20.5,44,31.98
CNS,2,20.5,45,31.98
CNS,2,20.6,46,31.98
CNS,2,20.6,47,31.98
CNS,2,20.8,47,31.98
CNS,2,20.8,47,31.98
CNS,2,20.9,46,31.98
CNS,2,20.9,47,31.98
CNS,2,21,46,31.98
CNS,2,21,46,31.98
CNS,2,21.2,46,31.98
CNS,2,21.3,48,31.98
CNS,2,21.3,47,31.98
CNS,2,21.4,47,31.98
CNS,2,21.5,46,31.98
CNS,2,21.6,47,31.98
CNS,2,21.6,46,31.98
CNS,2,21.7,48,31.98
CNS,2,21.8,47,31.98
CNS,2,21.9,48,31.98
CNS,2,21.9,49,31.98
CNS,2,22,49,31.98
CNS,2,22.1,49,31.98
CNS,2,22.2,47,31.98
CNS,2,22.3,49,31.98
CNS,2,22.4,51,31.98
CNS,2,22.5,52,31.98
CNS,2,22.6,52,31.98
CNS,2,22.7,51,31.98
CNS,2,22.8,51,31.98
CNS,2,22.8,52,31.98
CNS,2,22.9,52,31.98
CNS,2,23,53,31.98
CNS,2,23.1,52,31.98
CNS,2,23.2,54,31.98
CNS,2,23.3,53,31.98
CNS,2,23.3,54,31.98
CNS,2,23.5,54,31.98
CNS,2,23.5,55,31.98
CNS,2,23.6,53,31.98
CNS,2,23.8,56,31.98
CNS,2,23.8,57,31.98
CNS,2,23.9,57,31.98
CNS,2,24,57,31.98
CNS,2,24.1,58,31.98
CNS,2,24.2,59,31.98
CNS,2,24.3,58,31.98
CNS,2,24.3,60,31.98
CNS,2,24.5,59,31.98
CNS,2,24.6,60,31.98
CNS,2,24.6,60,31.98
CNS,2,24.8,61,31.98
CNS,2,24.9,62,31.98
CNS,2,24.9,61,31.98
CNS,2,25,62,31.98
CNS,2,25.1,62,31.98
CNS,2,25.2,62,31.98
CNS,2,25.3,63,31.98
CNS,2,25.4,63,31.98
CNS,2,25.5,63,31.98
CNS,2,25.6,63,31.98
CNS,2,25.7,65,31.98
CNS,2,25.8,64,31.98
CNS,2,25.9,65,31.98
CNS,2,26,66,31.98
CNS,2,26.1,65,31.98
CNS,2,26.2,65,31.98
CNS,2,26.3,67,31.98
CNS,2,26.4,67,31.98
CNS,2,26.5,66,31.98
CNS,2,26.5,67,31.98
CNS,2,26.6,67,31.98
CNS,2,26.8,68,31.98
CNS,2,26.8,68,31.98
CNS,2,26.9,69,31.98
CNS,2,27,68,31.98
CNS,2,27.1,67,31.98
CNS,2,27.2,69,31.98
CNS,2,27.3,69,31.98
CNS,2,27.4,69,31.98
CNS,2,27.5,70,31.98
CNS,2,27.6,70,31.98
CNS,2,27.7,69,31.98
CNS,2,27.8,68,31.98
CNS,2,27.8,69,31.98
CNS,2,27.9,69,31.98
CNS,2,28.1,69,31.98
CNS,2,28.2,70,31.98
CNS,2,28.2,68,31.98
CNS,2,28.3,70,31.98
CNS,2,28.4,69,31.98
CNS,2,28.5,69,31.98
CNS,2,28.6,69,31.98
CNS,2,28.7,70,31.98
CNS,2,28.8,70,31.98
CNS,2,28.9,68,31.98
CNS,2,29,68,31.98
CNS,2,29.1,69,31.98
CNS,2,29.2,69,31.98
CNS,2,29.3,70,31.98
CNS,2,29.4,70,31.98
CNS,2,29.5,69,31.98
CNS,2,29.5,68,31.98
CNS,2,29.6,69,31.98
CNS,2,29.7,70,31.98
CNS,2,29.9,71,31.98
CNS,2,29.9,68,31.98
CNS,2,30,68,31.98
CNS,2,30.1,70,31.98
CNS,2,30.2,68,31.98
CNS,2,30.2,68,31.98
CNS,2,30.3,68,31.98
CNS,2,30.4,,31.98
CNS,2,30.5,70,31.98
CNS,2,30.6,67,31.98
CNS,2,30.7,,31.98
CNS,2,30.9,,31.98
CNS,2,30.9,69,31.98
CNS,2,31,68,31.98
CNS,2,31.1,,31.98
CNS,2,31.2,68,31.98
CNS,2,31.3,69,31.98
CNS,2,31.4,68,31.98
CNS,2,31.5,75,31.98
CNS,2,31.5,75,31.98
CNS,2,31.6,73,31.98
CNS,2,31.7,77,31.98
CNS,2,31.8,69,31.98
CNS,2,31.9,69,31.98
CNS,2,31.9,65,31.98
CNS,2,32,66,31.98
CNS,2,32.1,60,31.98
CNS,2,32.2,62,31.98
CNS,2,32.3,62,31.98
CNS,2,32.4,65,31.98
CNS,2,32.5,62,31.98
CNS,2,32.5,65,31.98
CNS,2,32.6,62,31.98
CNS,2,32.7,52,31.98
CNS,2,32.8,42,31.98
CNS,2,32.9,60,31.98
CNS,2,33,65,31.98
CNS,2,33.1,54,31.98
CNS,2,33.2,47,31.98
CNS,2,33.3,44,31.98
CNS,2,33.4,43,31.98
CNS,2,33.5,39,31.98
CNS,2,33.6,39,31.98
CNS,2,33.7,39,31.98
CNS,2,33.8,38,31.98
CNS,2,33.9,38,31.98
CNS,2,33.9,38,31.98
CNS,2,34,41,31.98
CNS,2,34.1,18,31.98
CNS,2,34.2,29,31.98
CNS,2,34.3,23,31.98
CNS,2,34.3,18,31.98
CNS,2,34.5,24,31.98
CNS,2,34.5,24,31.98
CNS,2,34.6,17,31.98
CNS,2,34.6,16,31.98
CNS,2,34.7,14,31.98
CNS,2,34.8,21,31.98
CNS,2,34.8,13,31.98
CNS,2,34.9,12,31.98
CNS,2,34.9,10,31.98
CNS,2,35,,31.98
CNS,2,35.1,15,31.98
CNS,2,35.2,12,31.98
CNS,2,35.3,16,31.98
CNS,3,20.2,54,31.12
CNS,3,20.2,54,31.12
CNS,3,20.2,54,31.12
CNS,3,20.2,53,31.12
CNS,3,20.2,53,31.12
CNS,3,20.2,53,31.12
CNS,3,20.2,54,31.12
CNS,3,20.2,53,31.12
CNS,3,20.3,54,31.12
CNS,3,20.3,54,31.12
CNS,3,20.3,54,31.12
CNS,3,20.3,53,31.12
CNS,3,20.3,54,31.12
CNS,3,20.4,55,31.12
CNS,3,20.4,54,31.12
CNS,3,20.4,55,31.12
CNS,3,20.5,55,31.12
CNS,3,20.5,55,31.12
CNS,3,20.5,56,31.12
CNS,3,20.6,54,31.12
CNS,3,20.6,56,31.12
CNS,3,20.7,55,31.12
CNS,3,20.7,57,31.12
CNS,3,20.8,58,31.12
CNS,3,20.8,58,31.12
CNS,3,20.9,57,31.12
CNS,3,20.9,57,31.12
CNS,3,21,58,31.12
CNS,3,21,59,31.12
CNS,3,21.1,60,31.12
CNS,3,21.2,60,31.12
CNS,3,21.2,60,31.12
CNS,3,21.3,62,31.12
CNS,3,21.4,62,31.12
CNS,3,21.4,61,31.12
CNS,3,21.5,64,31.12
CNS,3,21.6,63,31.12
CNS,3,21.6,64,31.12
CNS,3,21.7,65,31.12
CNS,3,21.8,64,31.12
CNS,3,21.9,62,31.12
CNS,3,22,65,31.12
CNS,3,22,65,31.12
CNS,3,22.1,66,31.12
CNS,3,22.2,66,31.12
CNS,3,22.3,66,31.12
CNS,3,22.3,63,31.12
CNS,3,22.4,67,31.12
CNS,3,22.5,69,31.12
CNS,3,22.6,69,31.12
CNS,3,22.7,67,31.12
CNS,3,22.8,69,31.12
CNS,3,22.9,70,31.12
CNS,3,22.9,70,31.12
CNS,3,23,70,31.12
CNS,3,23.1,71,31.12
CNS,3,23.4,70,31.12
CNS,3,23.5,71,31.12
CNS,3,23.6,71,31.12
CNS,3,23.6,72,31.12
CNS,3,23.7,72,31.12
CNS,3,23.8,72,31.12
CNS,3,23.9,73,31.12
CNS,3,24,74,31.12
CNS,3,24.1,72,31.12
CNS,3,24.2,73,31.12
CNS,3,24.3,74,31.12
CNS,3,24.3,73,31.12
CNS,3,24.4,74,31.12
CNS,3,24.5,74,31.12
CNS,3,24.6,75,31.12
CNS,3,24.6,73,31.12
CNS,3,24.7,74,31.12
CNS,3,24.8,75,31.12
CNS,3,24.9,75,31.12
CNS,3,24.9,75,31.12
CNS,3,25,75,31.12
CNS,3,25.3,75,31.12
CNS,3,25.3,76,31.12
CNS,3,25.4,76,31.12
CNS,3,25.5,76,31.12
CNS,3,25.6,77,31.12
CNS,3,25.7,76,31.12
CNS,3,25.8,77,31.12
CNS,3,25.9,77,31.12
CNS,3,25.9,77,31.12
CNS,3,26,77,31.12
CNS,3,26.2,77,31.12
CNS,3,26.4,77,31.12
CNS,3,26.6,77,31.12
CNS,3,27.3,77,31.12
CNS,3,27.3,77,31.12
CNS,3,27.5,77,31.12
CNS,3,27.6,77,31.12
CNS,3,27.8,77,31.12
CNS,3,27.9,79,31.12
CNS,3,28,78,31.12
CNS,3,28,79,31.12
CNS,3,28.2,78,31.12
CNS,3,28.3,79,31.12
CNS,3,28.3,78,31.12
CNS,3,28.4,78,31.12
CNS,3,28.5,78,31.12
CNS,3,29,76,31.12
CNS,3,29.1,77,31.12
CNS,3,29.3,76,31.12
CNS,3,29.3,77,31.12
CNS,3,29.5,78,31.12
CNS,3,29.5,76,31.12
CNS,3,29.6,76,31.12
CNS,3,29.9,77,31.12
CNS,3,30.3,77,31.12
CNS,3,30.6,76,31.12
CNS,3,31.1,81,31.12
CNS,3,31.2,80,31.12
CNS,3,31.2,75,31.12
CNS,3,31.5,72,31.12
CNS,3,31.7,70,31.12
CNS,3,31.8,69,31.12
CNS,3,32.1,66,31.12
CNS,3,32.3,63,31.12
CNS,3,32.9,60,31.12
CNS,3,33.2,59,31.12
CNS,3,33.3,42,31.12
CNS,3,33.5,42,31.12
CNS,3,33.5,31,31.12
CNS,3,33.6,48,31.12
CNS,3,33.7,40,31.12
CNS,3,33.8,27,31.12
CNS,3,33.8,26,31.12
CNS,3,34.3,25,31.12
CNS,3,34.3,25,31.12
CNS,4,20.3,52,32.25
CNS,4,20.3,53,32.25
CNS,4,20.3,52,32.25
CNS,4,20.3,53,32.25
CNS,4,20.4,52,32.25
CNS,4,20.4,53,32.25
CNS,4,20.4,52,32.25
CNS,4,20.5,53,32.25
CNS,4,20.5,53,32.25
CNS,4,20.6,51,32.25
CNS,4,20.6,51,32.25
CNS,4,20.6,52,32.25
CNS,4,20.7,53,32.25
CNS,4,20.7,53,32.25
CNS,4,20.8,54,32.25
CNS,4,20.8,53,32.25
CNS,4,20.9,54,32.25
CNS,4,20.9,55,32.25
CNS,4,21,55,32.25
CNS,4,21,56,32.25
CNS,4,21.1,56,32.25
CNS,4,21.2,57,32.25
CNS,4,21.2,57,32.25
CNS,4,21.3,57,32.25
CNS,4,21.3,57,32.25
CNS,4,21.4,58,32.25
CNS,4,21.5,58,32.25
CNS,4,21.5,58,32.25
CNS,4,21.6,59,32.25
CNS,4,21.7,59,32.25
CNS,4,21.8,60,32.25
CNS,4,21.8,61,32.25
CNS,4,21.9,60,32.25
CNS,4,22,60,32.25
CNS,4,22,61,32.25
CNS,4,22.1,61,32.25
CNS,4,22.2,61,32.25
CNS,4,22.3,62,32.25
CNS,4,22.3,62,32.25
CNS,4,22.4,61,32.25
CNS,4,22.5,63,32.25
CNS,4,22.6,63,32.25
CNS,4,22.7,63,32.25
CNS,4,22.8,63,32.25
CNS,4,22.9,63,32.25
CNS,4,23,64,32.25
CNS,4,23,64,32.25
CNS,4,23.1,65,32.25
CNS,4,23.2,64,32.25
CNS,4,23.3,65,32.25
CNS,4,23.4,65,32.25
CNS,4,23.5,65,32.25
CNS,4,23.6,65,32.25
CNS,4,23.6,66,32.25
CNS,4,23.8,67,32.25
CNS,4,23.8,67,32.25
CNS,4,23.9,67,32.25
CNS,4,24,67,32.25
CNS,4,24,68,32.25
CNS,4,24.2,68,32.25
CNS,4,24.2,68,32.25
CNS,4,24.3,68,32.25
CNS,4,24.4,67,32.25
CNS,4,24.5,67,32.25
CNS,4,24.5,68,32.25
CNS,4,24.6,68,32.25
CNS,4,24.6,68,32.25
CNS,4,24.7,68,32.25
CNS,4,24.8,68,32.25
CNS,4,24.9,70,32.25
CNS,4,24.9,69,32.25
CNS,4,25,70,32.25
CNS,4,25.1,70,32.25
CNS,4,25.2,67,32.25
CNS,4,25.3,69,32.25
CNS,4,25.3,70,32.25
CNS,4,25.5,68,32.25
CNS,4,25.5,70,32.25
CNS,4,25.6,71,32.25
CNS,4,25.7,70,32.25
CNS,4,25.8,72,32.25
CNS,4,25.9,72,32.25
CNS,4,25.9,72,32.25
CNS,4,26,72,32.25
CNS,4,26.1,73,32.25
CNS,4,26.2,74,32.25
CNS,4,26.3,73,32.25
CNS,4,26.3,73,32.25
CNS,4,26.5,73,32.25
CNS,4,26.5,74,32.25
CNS,4,26.6,75,32.25
CNS,4,26.7,76,32.25
CNS,4,26.8,75,32.25
CNS,4,26.9,76,32.25
CNS,4,27,76,32.25
CNS,4,27,76,32.25
CNS,4,27.2,76,32.25
CNS,4,27.2,75,32.25
CNS,4,27.3,76,32.25
CNS,4,27.4,77,32.25
CNS,4,27.5,76,32.25
CNS,4,27.6,77,32.25
CNS,4,27.7,76,32.25
CNS,4,27.8,78,32.25
CNS,4,27.9,75,32.25
CNS,4,28,78,32.25
CNS,4,28,76,32.25
CNS,4,28.1,75,32.25
CNS,4,28.2,78,32.25
CNS,4,28.3,78,32.25
CNS,4,28.4,76,32.25
CNS,4,28.5,77,32.25
CNS,4,28.6,79,32.25
CNS,4,28.7,78,32.25
CNS,4,28.8,79,32.25
CNS,4,28.9,79,32.25
CNS,4,29,78,32.25
CNS,4,29,79,32.25
CNS,4,29.1,79,32.25
CNS,4,29.2,79,32.25
CNS,4,29.3,79,32.25
CNS,4,29.4,80,32.25
CNS,4,29.5,79,32.25
CNS,4,29.6,81,32.25
CNS,4,29.7,80,32.25
CNS,4,29.8,80,32.25
CNS,4,29.9,81,32.25
CNS,4,30,82,32.25
CNS,4,30.1,81,32.25
CNS,4,30.2,81,32.25
CNS,4,30.3,81,32.25
CNS,4,30.3,80,32.25
CNS,4,30.5,82,32.25
CNS,4,30.5,83,32.25
CNS,4,30.6,82,32.25
CNS,4,30.7,81,32.25
CNS,4,30.8,80,32.25
CNS,4,30.9,82,32.25
CNS,4,31,82,32.25
CNS,4,31.1,83,32.25
CNS,4,31.2,83,32.25
CNS,4,31.3,82,32.25
CNS,4,31.4,81,32.25
CNS,4,31.5,81,32.25
CNS,4,31.6,82,32.25
CNS,4,31.8,84,32.25
CNS,4,31.9,82,32.25
CNS,4,32.1,81,32.25
CNS,4,32.2,78,32.25
CNS,4,32.3,76,32.25
CNS,4,32.4,73,32.25
CNS,4,32.5,73,32.25
CNS,4,32.6,77,32.25
CNS,4,32.7,74,32.25
CNS,4,32.8,69,32.25
CNS,4,32.9,67,32.25
CNS,4,33,67,32.25
CNS,4,33.2,62,32.25
CNS,4,33.3,62,32.25
CNS,4,33.6,53,32.25
CNS,4,33.8,54,32.25
CNS,4,34.8,32,32.25
CNS,4,34.9,14,32.25
CNS,4,35.1,15,32.25
CNS,5,21.8,46,31.64
CNS,5,21.8,46,31.64
CNS,5,21.9,46,31.64
CNS,5,21.9,46,31.64
CNS,5,21.9,47,31.64
CNS,5,21.9,47,31.64
CNS,5,21.9,48,31.64
CNS,5,21.9,48,31.64
CNS,5,21.9,48,31.64
CNS,5,21.9,48,31.64
CNS,5,21.9,49,31.64
CNS,5,21.9,48,31.64
CNS,5,22,48,31.64
CNS,5,22,50,31.64
CNS,5,22,48,31.64
CNS,5,22,47,31.64
CNS,5,22,48,31.64
CNS,5,22.1,49,31.64
CNS,5,22.1,48,31.64
CNS,5,22.2,50,31.64
CNS,5,22.2,49,31.64
CNS,5,22.2,49,31.64
CNS,5,22.3,48,31.64
CNS,5,22.3,50,31.64
CNS,5,22.4,49,31.64
CNS,5,22.5,50,31.64
CNS,5,22.5,50,31.64
CNS,5,22.5,50,31.64
CNS,5,22.6,50,31.64
CNS,5,22.6,50,31.64
CNS,5,22.7,51,31.64
CNS,5,22.8,51,31.64
CNS,5,22.9,52,31.64
CNS,5,22.9,52,31.64
CNS,5,23,51,31.64
CNS,5,23,53,31.64
CNS,5,23.1,52,31.64
CNS,5,23.2,52,31.64
CNS,5,23.3,53,31.64
CNS,5,23.3,53,31.64
CNS,5,23.4,53,31.64
CNS,5,23.5,54,31.64
CNS,5,23.6,53,31.64
CNS,5,23.9,52,31.64
CNS,5,23.9,53,31.64
CNS,5,24,54,31.64
CNS,5,24.1,53,31.64
CNS,5,24.2,54,31.64
CNS,5,24,54,31.64
CNS,5,24.1,55,31.64
CNS,5,24.2,55,31.64
CNS,5,24.2,55,31.64
CNS,5,24.3,56,31.64
CNS,5,24.7,55,31.64
CNS,5,24.7,56,31.64
CNS,5,24.8,56,31.64
CNS,5,24.9,57,31.64
CNS,5,25,55,31.64
CNS,5,25.1,55,31.64
CNS,5,25.1,57,31.64
CNS,5,25.3,55,31.64
CNS,5,25.4,57,31.64
CNS,5,25.5,56,31.64
CNS,5,25.6,57,31.64
CNS,5,25.8,57,31.64
CNS,5,25.8,56,31.64
CNS,5,25.9,57,31.64
CNS,5,25.9,57,31.64
CNS,5,26,58,31.64
CNS,5,26.1,57,31.64
CNS,5,26.2,59,31.64
CNS,5,26.3,58,31.64
CNS,5,26.4,59,31.64
CNS,5,26.5,60,31.64
CNS,5,26.5,60,31.64
CNS,5,26.6,60,31.64
CNS,5,26.7,61,31.64
CNS,5,26.8,61,31.64
CNS,5,26.9,61,31.64
CNS,5,26.9,62,31.64
CNS,5,27,61,31.64
CNS,5,27.1,62,31.64
CNS,5,27.2,64,31.64
CNS,5,27.3,64,31.64
CNS,5,27.3,64,31.64
CNS,5,27.5,63,31.64
CNS,5,27.6,63,31.64
CNS,5,27.8,62,31.64
CNS,5,27.8,64,31.64
CNS,5,27.9,64,31.64
CNS,5,27.9,65,31.64
CNS,5,28,66,31.64
CNS,5,28.1,66,31.64
CNS,5,28.2,66,31.64
CNS,5,28.3,65,31.64
CNS,5,28.5,65,31.64
CNS,5,28.5,66,31.64
CNS,5,28.6,66,31.64
CNS,5,28.7,67,31.64
CNS,5,28.7,66,31.64
CNS,5,28.9,67,31.64
CNS,5,28.9,67,31.64
CNS,5,28.9,67,31.64
CNS,5,29.1,67,31.64
CNS,5,29.2,66,31.64
CNS,5,29.2,65,31.64
CNS,5,29.3,65,31.64
CNS,5,29.4,67,31.64
CNS,5,29.5,67,31.64
CNS,5,29.4,67,31.64
CNS,5,29.6,67,31.64
CNS,5,29.8,67,31.64
CNS,5,29.8,67,31.64
CNS,5,29.9,67,31.64
CNS,5,30,67,31.64
CNS,5,30.2,67,31.64
CNS,5,30.1,66,31.64
CNS,5,30.3,67,31.64
CNS,5,30.5,68,31.64
CNS,5,30.6,68,31.64
CNS,5,30.7,67,31.64
CNS,5,30.7,67,31.64
CNS,5,30.7,68,31.64
CNS,5,30.8,66,31.64
CNS,5,31,65,31.64
CNS,5,31.1,66,31.64
CNS,5,31.2,65,31.64
CNS,5,31.7,66,31.64
CNS,5,31.8,62,31.64
CNS,5,31.8,54,31.64
CNS,5,32.2,56,31.64
CNS,5,32.3,44,31.64
CNS,5,32.5,47,31.64
CNS,5,32.6,57,31.64
CNS,5,32.6,54,31.64
CNS,5,32.8,48,31.64
CNS,5,32.9,24,31.64
CNS,5,33.1,21,31.64
CNS,5,33.1,20,31.64
CNS,5,33.3,24,31.64
CNS,5,33.3,21,31.64
CNS,5,33.5,15,31.64
CNS,5,33.7,17,31.64
CNS,5,33.9,17,31.64
CNS,5,34,15,31.64
CNS,5,34.3,12,31.64
CNS,5,34.4,12,31.64
CNS,5,34.6,13,31.64
CNS,5,34.6,9,31.64
CNS,5,34.8,9,31.64
CNS,6,21.9,51,32.96
CNS,6,21.9,53,32.96
CNS,6,22,52,32.96
CNS,6,22,53,32.96
CNS,6,22,52,32.96
CNS,6,22,54,32.96
CNS,6,22,52,32.96
CNS,6,22,54,32.96
CNS,6,22,52,32.96
CNS,6,22,51,32.96
CNS,6,22,51,32.96
CNS,6,22,53,32.96
CNS,6,22.1,50,32.96
CNS,6,22.1,51,32.96
CNS,6,22.2,53,32.96
CNS,6,22.2,54,32.96
CNS,6,22.3,54,32.96
CNS,6,22.3,52,32.96
CNS,6,22.4,53,32.96
CNS,6,22.5,53,32.96
CNS,6,22.6,53,32.96
CNS,6,22.6,55,32.96
CNS,6,22.7,54,32.96
CNS,6,22.8,55,32.96
CNS,6,22.8,54,32.96
CNS,6,22.9,55,32.96
CNS,6,23,56,32.96
CNS,6,23,56,32.96
CNS,6,23.1,55,32.96
CNS,6,23.2,57,32.96
CNS,6,23.3,57,32.96
CNS,6,23.5,57,32.96
CNS,6,23.4,57,32.96
CNS,6,23.5,59,32.96
CNS,6,23.6,59,32.96
CNS,6,23.6,59,32.96
CNS,6,23.8,58,32.96
CNS,6,23.9,58,32.96
CNS,6,23.9,58,32.96
CNS,6,24,59,32.96
CNS,6,24.1,60,32.96
CNS,6,24.2,60,32.96
CNS,6,24.3,60,32.96
CNS,6,24.3,62,32.96
CNS,6,24.4,61,32.96
CNS,6,24.5,62,32.96
CNS,6,24.6,62,32.96
CNS,6,24.7,62,32.96
CNS,6,24.8,62,32.96
CNS,6,24.9,63,32.96
CNS,6,25,65,32.96
CNS,6,25.1,63,32.96
CNS,6,25.2,64,32.96
CNS,6,25.2,65,32.96
CNS,6,25.3,65,32.96
CNS,6,25.4,65,32.96
CNS,6,25.5,64,32.96
CNS,6,25.6,65,32.96
CNS,6,25.7,67,32.96
CNS,6,25.8,65,32.96
CNS,6,25.9,66,32.96
CNS,6,26,67,32.96
CNS,6,26.1,67,32.96
CNS,6,26.2,68,32.96
CNS,6,26.3,67,32.96
CNS,6,26.3,69,32.96
CNS,6,26.4,68,32.96
CNS,6,26.5,69,32.96
CNS,6,26.6,67,32.96
CNS,6,26.7,69,32.96
CNS,6,26.8,69,32.96
CNS,6,26.8,68,32.96
CNS,6,26.9,69,32.96
CNS,6,27,69,32.96
CNS,6,27.2,70,32.96
CNS,6,27.2,69,32.96
CNS,6,27.3,70,32.96
CNS,6,27.3,70,32.96
CNS,6,27.4,70,32.96
CNS,6,27.5,70,32.96
CNS,6,27.6,69,32.96
CNS,6,27.7,70,32.96
CNS,6,27.8,70,32.96
CNS,6,27.9,71,32.96
CNS,6,28,70,32.96
CNS,6,28,71,32.96
CNS,6,28.1,71,32.96
CNS,6,28.2,70,32.96
CNS,6,28.3,71,32.96
CNS,6,28.4,71,32.96
CNS,6,28.5,70,32.96
CNS,6,28.5,70,32.96
CNS,6,28.6,71,32.96
CNS,6,28.8,72,32.96
CNS,6,28.9,72,32.96
CNS,6,28.9,71,32.96
CNS,6,29,72,32.96
CNS,6,29.1,72,32.96
CNS,6,29.2,72,32.96
CNS,6,29.2,71,32.96
CNS,6,29.3,72,32.96
CNS,6,29.4,73,32.96
CNS,6,29.5,73,32.96
CNS,6,29.6,73,32.96
CNS,6,29.7,73,32.96
CNS,6,29.8,72,32.96
CNS,6,29.9,73,32.96
CNS,6,30,74,32.96
CNS,6,30,73,32.96
CNS,6,30.2,74,32.96
CNS,6,30.2,73,32.96
CNS,6,30.3,73,32.96
CNS,6,30.4,72,32.96
CNS,6,30.5,73,32.96
CNS,6,30.6,73,32.96
CNS,6,30.7,75,32.96
CNS,6,30.8,75,32.96
CNS,6,30.9,75,32.96
CNS,6,31,72,32.96
CNS,6,31.1,75,32.96
CNS,6,31.4,75,32.96
CNS,6,31.6,74,32.96
CNS,6,31.6,75,32.96
CNS,6,31.7,74,32.96
CNS,6,31.9,76,32.96
CNS,6,32.8,72,32.96
CNS,6,32.9,69,32.96
CNS,6,33.7,51,32.96
CNS,6,33.8,51,32.96
CNS,6,34,51,32.96
CNS,6,34,51,32.96
CNS,6,34.1,32,32.96
CNS,6,34.2,45,32.96
CNS,6,34.2,37,32.96
CNS,6,34.3,26,32.96
CNS,6,34.6,22,32.96
CNS,6,34.6,27,32.96
CNS,6,35.1,21,32.96
CNS,6,35.2,12,32.96
CNS,6,35.3,10,32.96
CNS,7,23.2,52,30.72
CNS,7,23.3,51,30.72
CNS,7,23.3,52,30.72
CNS,7,23.4,53,30.72
CNS,7,23.4,52,30.72
CNS,7,23.6,53,30.72
CNS,7,23.6,53,30.72
CNS,7,23.7,54,30.72
CNS,7,23.8,53,30.72
CNS,7,23.8,52,30.72
CNS,7,23.9,52,30.72
CNS,7,24.2,53,30.72
CNS,7,24.3,53,30.72
CNS,7,24.3,54,30.72
CNS,7,24.4,54,30.72
CNS,7,24.5,52,30.72
CNS,7,24.6,53,30.72
CNS,7,24.6,54,30.72
CNS,7,24.8,53,30.72
CNS,7,24.8,54,30.72
CNS,7,24.9,54,30.72
CNS,7,25,54,30.72
CNS,7,25,54,30.72
CNS,7,25.2,55,30.72
CNS,7,25.3,55,30.72
CNS,7,25.3,53,30.72
CNS,7,25.4,53,30.72
CNS,7,25.5,55,30.72
CNS,7,25.5,55,30.72
CNS,7,25.6,55,30.72
CNS,7,25.7,57,30.72
CNS,7,25.8,56,30.72
CNS,7,25.9,58,30.72
CNS,7,26.1,57,30.72
CNS,7,26.2,57,30.72
CNS,7,26.3,55,30.72
CNS,7,26.3,55,30.72
CNS,7,26.4,57,30.72
CNS,7,26.5,58,30.72
CNS,7,26.6,58,30.72
CNS,7,26.6,58,30.72
CNS,7,26.7,59,30.72
CNS,7,26.8,59,30.72
CNS,7,26.9,59,30.72
CNS,7,27,58,30.72
CNS,7,27.1,59,30.72
CNS,7,27.2,57,30.72
CNS,7,27.3,59,30.72
CNS,7,27.4,58,30.72
CNS,7,27.5,58,30.72
CNS,7,27.6,58,30.72
CNS,7,27.6,59,30.72
CNS,7,27.8,59,30.72
CNS,7,27.9,60,30.72
CNS,7,28,61,30.72
CNS,7,28.1,59,30.72
CNS,7,28.2,61,30.72
CNS,7,28.3,60,30.72
CNS,7,28.4,62,30.72
CNS,7,28.5,60,30.72
CNS,7,28.6,61,30.72
CNS,7,28.6,61,30.72
CNS,7,28.7,62,30.72
CNS,7,28.8,63,30.72
CNS,7,28.9,63,30.72
CNS,7,29,61,30.72
CNS,7,29.1,63,30.72
CNS,7,29.2,62,30.72
CNS,7,29.3,62,30.72
CNS,7,29.3,61,30.72
CNS,7,29.5,62,30.72
CNS,7,29.5,61,30.72
CNS,7,29.6,61,30.72
CNS,7,29.9,63,30.72
CNS,7,30,63,30.72
CNS,7,30.1,63,30.72
CNS,7,30.2,63,30.72
CNS,7,30.3,62,30.72
CNS,7,30.3,62,30.72
CNS,7,30.5,62,30.72
CNS,7,30.7,63,30.72
CNS,7,31.3,56,30.72
CNS,7,31.4,52,30.72
CNS,7,31.7,57,30.72
CNS,7,31.8,54,30.72
CNS,7,34,40,30.72
CNS,7,34.2,33,30.72
CNS,7,34.6,36,30.72
CNS,7,34.8,35,30.72
CNS,7,35,27,30.72
CNS,7,35.3,24,30.72
CNS,8,23.3,48,31.79
CNS,8,23.3,49,31.79
CNS,8,23.3,49,31.79
CNS,8,23.3,49,31.79
CNS,8,23.3,49,31.79
CNS,8,23.3,50,31.79
CNS,8,23.4,50,31.79
CNS,8,23.5,49,31.79
CNS,8,23.5,49,31.79
CNS,8,23.6,50,31.79
CNS,8,23.7,50,31.79
CNS,8,23.7,49,31.79
CNS,8,23.8,50,31.79
CNS,8,23.8,51,31.79
CNS,8,23.9,51,31.79
CNS,8,24,51,31.79
CNS,8,24.1,51,31.79
CNS,8,24.1,52,31.79
CNS,8,24.2,52,31.79
CNS,8,24.3,54,31.79
CNS,8,24.3,53,31.79
CNS,8,24.4,53,31.79
CNS,8,24.5,53,31.79
CNS,8,24.6,53,31.79
CNS,8,24.7,54,31.79
CNS,8,24.8,53,31.79
CNS,8,24.8,53,31.79
CNS,8,24.9,52,31.79
CNS,8,25.1,52,31.79
CNS,8,25.2,55,31.79
CNS,8,25.2,55,31.79
CNS,8,25.3,55,31.79
CNS,8,25.4,57,31.79
CNS,8,25.5,56,31.79
CNS,8,25.6,58,31.79
CNS,8,25.6,57,31.79
CNS,8,25.8,55,31.79
CNS,8,25.8,55,31.79
CNS,8,26,56,31.79
CNS,8,26,57,31.79
CNS,8,26.1,58,31.79
CNS,8,26.2,58,31.79
CNS,8,26.3,57,31.79
CNS,8,26.5,59,31.79
CNS,8,26.6,59,31.79
CNS,8,26.6,58,31.79
CNS,8,26.6,59,31.79
CNS,8,26.8,60,31.79
CNS,8,26.9,61,31.79
CNS,8,27,60,31.79
CNS,8,27.1,60,31.79
CNS,8,27.2,60,31.79
CNS,8,27.3,62,31.79
CNS,8,27.3,62,31.79
CNS,8,27.4,62,31.79
CNS,8,27.6,62,31.79
CNS,8,27.7,63,31.79
CNS,8,27.8,60,31.79
CNS,8,27.8,62,31.79
CNS,8,27.9,62,31.79
CNS,8,28,61,31.79
CNS,8,28.1,60,31.79
CNS,8,28.1,60,31.79
CNS,8,28.2,61,31.79
CNS,8,28.3,62,31.79
CNS,8,28.5,65,31.79
CNS,8,28.5,64,31.79
CNS,8,28.6,64,31.79
CNS,8,28.6,64,31.79
CNS,8,28.7,64,31.79
CNS,8,28.8,65,31.79
CNS,8,28.9,65,31.79
CNS,8,29,66,31.79
CNS,8,29,67,31.79
CNS,8,29.2,65,31.79
CNS,8,29.3,65,31.79
CNS,8,29.3,66,31.79
CNS,8,29.4,66,31.79
CNS,8,29.5,65,31.79
CNS,8,29.6,65,31.79
CNS,8,29.9,66,31.79
CNS,8,29.8,67,31.79
CNS,8,29.9,66,31.79
CNS,8,30,65,31.79
CNS,8,30.2,64,31.79
CNS,8,30.2,67,31.79
CNS,8,30.2,65,31.79
CNS,8,30.4,66,31.79
CNS,8,30.5,64,31.79
CNS,8,30.5,65,31.79
CNS,8,30.8,65,31.79
CNS,8,30.8,66,31.79
CNS,8,30.9,66,31.79
CNS,8,31,65,31.79
CNS,8,31.5,66,31.79
CNS,8,31.6,68,31.79
CNS,8,31.7,66,31.79
CNS,8,31.9,65,31.79
CNS,8,32,66,31.79
CNS,8,32,61,31.79
CNS,8,32.1,64,31.79
CNS,8,32.2,65,31.79
CNS,8,32.4,64,31.79
CNS,8,32.5,61,31.79
CNS,8,32.5,61,31.79
CNS,8,32.6,60,31.79
CNS,8,32.8,57,31.79
CNS,8,32.8,34,31.79
CNS,8,32.9,30,31.79
CNS,8,33.1,43,31.79
CNS,8,33.4,47,31.79
CNS,8,33.4,43,31.79
CNS,8,33.6,22,31.79
CNS,8,33.7,15,31.79
CNS,8,33.8,22,31.79
CNS,8,34.6,22,31.79
CNS,8,35.1,16,31.79
CNS,8,35.2,16,31.79
CNS,8,35.2,17,31.79
CNS,9,23.3,48,31.32
CNS,9,23.3,46,31.32
CNS,9,23.4,47,31.32
CNS,9,23.6,48,31.32
CNS,9,23.8,48,31.32
CNS,9,24,50,31.32
CNS,9,24.2,49,31.32
CNS,9,24.4,50,31.32
CNS,9,24.5,50,31.32
CNS,9,24.6,50,31.32
CNS,9,24.7,50,31.32
CNS,9,24.9,51,31.32
CNS,9,25.2,50,31.32
CNS,9,25.5,52,31.32
CNS,9,25.8,53,31.32
CNS,9,26,54,31.32
CNS,9,26.3,56,31.32
CNS,9,26.6,54,31.32
CNS,9,26.9,56,31.32
CNS,9,27,56,31.32
CNS,9,27.1,56,31.32
CNS,9,27.2,56,31.32
CNS,9,27.4,57,31.32
CNS,9,27.8,58,31.32
CNS,9,28,59,31.32
CNS,9,28.1,59,31.32
CNS,9,28.1,59,31.32
CNS,9,28.2,59,31.32
CNS,9,28.5,60,31.32
CNS,9,28.6,60,31.32
CNS,9,28.6,60,31.32
CNS,9,28.7,60,31.32
CNS,9,28.8,60,31.32
CNS,9,28.9,60,31.32
CNS,9,29,60,31.32
CNS,9,29.3,62,31.32
CNS,9,29.6,60,31.32
CNS,9,29.9,60,31.32
CNS,9,30.2,61,31.32
CNS,9,30.4,60,31.32
CNS,9,30.7,60,31.32
CNS,9,31,57,31.32
CNS,9,31.3,54,31.32
CNS,9,31.6,52,31.32
CNS,9,32,51,31.32
CNS,9,32.2,46,31.32
CNS,9,32.5,39,31.32
CNS,9,32.6,23,31.32
CNS,9,32.8,18,31.32
CNS,9,32.8,13,31.32
CNS,9,32.9,9,31.32
CNS,9,33.1,9,31.32
CNS,9,33.1,7,31.32
CNS,9,33.4,6,31.32
CNS,9,33.4,4,31.32
CNS,9,33.4,4,31.32
CNS,9,33.5,5,31.32
CNS,10,23.3,53,31.6
CNS,10,23.3,55,31.6
CNS,10,23.3,55,31.6
CNS,10,23.3,54,31.6
CNS,10,23.3,54,31.6
CNS,10,23.3,55,31.6
CNS,10,23.4,55,31.6
CNS,10,23.5,53,31.6
CNS,10,23.6,53,31.6
CNS,10,23.9,54,31.6
CNS,10,24,56,31.6
CNS,10,24.1,57,31.6
CNS,10,24.1,57,31.6
CNS,10,24.2,58,31.6
CNS,10,24.3,58,31.6
CNS,10,24.3,59,31.6
CNS,10,24.4,58,31.6
CNS,10,24.5,57,31.6
CNS,10,24.6,58,31.6
CNS,10,24.8,58,31.6
CNS,10,24.8,59,31.6
CNS,10,24.9,59,31.6
CNS,10,25.1,59,31.6
CNS,10,25.2,60,31.6
CNS,10,25.2,59,31.6
CNS,10,25.3,59,31.6
CNS,10,25.4,59,31.6
CNS,10,25.5,60,31.6
CNS,10,25.6,60,31.6
CNS,10,25.6,61,31.6
CNS,10,25.8,60,31.6
CNS,10,25.8,60,31.6
CNS,10,26,59,31.6
CNS,10,26,60,31.6
CNS,10,26.1,60,31.6
CNS,10,26.2,62,31.6
CNS,10,26.3,61,31.6
CNS,10,26.5,63,31.6
CNS,10,26.6,62,31.6
CNS,10,26.6,63,31.6
CNS,10,26.6,63,31.6
CNS,10,26.8,63,31.6
CNS,10,26.9,63,31.6
CNS,10,27,63,31.6
CNS,10,27.1,63,31.6
CNS,10,27.2,62,31.6
CNS,10,27.3,63,31.6
CNS,10,27.3,65,31.6
CNS,10,27.4,65,31.6
CNS,10,27.6,63,31.6
CNS,10,27.7,64,31.6
CNS,10,27.8,65,31.6
CNS,10,27.8,65,31.6
CNS,10,27.9,62,31.6
CNS,10,28,62,31.6
CNS,10,28.1,66,31.6
CNS,10,28.1,67,31.6
CNS,10,28.2,67,31.6
CNS,10,28.3,67,31.6
CNS,10,28.5,67,31.6
CNS,10,28.5,65,31.6
CNS,10,28.6,67,31.6
CNS,10,28.6,68,31.6
CNS,10,28.7,68,31.6
CNS,10,28.8,67,31.6
CNS,10,28.9,68,31.6
CNS,10,29,69,31.6
CNS,10,29,68,31.6
CNS,10,29.2,68,31.6
CNS,10,29.3,68,31.6
CNS,10,29.3,67,31.6
CNS,10,29.4,68,31.6
CNS,10,29.4,67,31.6
CNS,10,29.5,67,31.6
CNS,10,29.6,68,31.6
CNS,10,29.9,68,31.6
CNS,10,29.8,68,31.6
CNS,10,29.9,66,31.6
CNS,10,30.2,67,31.6
CNS,10,30.2,66,31.6
CNS,10,30.4,66,31.6
CNS,10,30.5,66,31.6
CNS,10,30.8,68,31.6
CNS,10,31.6,59,31.6
CNS,10,31.7,60,31.6
CNS,10,31.9,60,31.6
CNS,10,32,61,31.6
CNS,10,32,55,31.6
CNS,10,32.1,51,31.6
CNS,10,32.2,57,31.6
CNS,10,32.4,56,31.6
CNS,10,32.5,54,31.6
CNS,10,32.8,50,31.6
CNS,10,32.8,50,31.6
CNS,10,32.9,43,31.6
CNS,10,33.6,28,31.6
CNS,10,33.7,16,31.6
CNS,10,33.8,15,31.6
CNS,10,33.9,24,31.6
CNS,10,34,22,31.6
CNS,10,34.1,22,31.6
CNS,10,34.2,19,31.6
CNS,10,34.7,16,31.6
CNS,11,23.6,48,31.25
CNS,11,23.6,49,31.25
CNS,11,24,49,31.25
CNS,11,24.1,50,31.25
CNS,11,24.2,51,31.25
CNS,11,24.3,52,31.25
CNS,11,24.3,52,31.25
CNS,11,24.5,51,31.25
CNS,11,24.5,51,31.25
CNS,11,24.6,52,31.25
CNS,11,24.7,50,31.25
CNS,11,24.8,51,31.25
CNS,11,24.9,51,31.25
CNS,11,24.9,51,31.25
CNS,11,25,53,31.25
CNS,11,25.3,53,31.25
CNS,11,25.4,52,31.25
CNS,11,25.5,54,31.25
CNS,11,25.6,52,31.25
CNS,11,25.8,53,31.25
CNS,11,25.8,54,31.25
CNS,11,25.9,55,31.25
CNS,11,26,54,31.25
CNS,11,26.1,54,31.25
CNS,11,26.2,55,31.25
CNS,11,26.3,55,31.25
CNS,11,26.5,56,31.25
CNS,11,26.6,56,31.25
CNS,11,26.7,56,31.25
CNS,11,27.7,57,31.25
CNS,11,27.8,57,31.25
CNS,11,27.8,57,31.25
CNS,11,27.9,57,31.25
CNS,11,28,57,31.25
CNS,11,28.6,57,31.25
CNS,11,28.9,56,31.25
CNS,11,29.1,57,31.25
CNS,11,29.2,56,31.25
CNS,11,29.3,56,31.25
CNS,11,29.4,56,31.25
CNS,11,29.5,56,31.25
CNS,11,29.6,56,31.25
CNS,11,29.7,58,31.25
CNS,11,29.8,56,31.25
CNS,11,29.8,57,31.25
CNS,11,30.5,58,31.25
CNS,11,30.6,58,31.25
CNS,11,30.7,58,31.25
CNS,11,30.8,59,31.25
CNS,11,30.9,58,31.25
CNS,11,31.6,51,31.25
CNS,11,31.7,53,31.25
CNS,11,31.8,48,31.25
CNS,11,31.9,50,31.25
CNS,11,32,47,31.25
CNS,11,32.1,44,31.25
CNS,11,32.2,45,31.25
CNS,11,32.3,39,31.25
CNS,11,32.4,36,31.25
CNS,11,32.5,34,31.25
CNS,11,32.6,30,31.25
CNS,11,32.7,30,31.25
CNS,11,32.8,28,31.25
CNS,11,32.9,23,31.25
CNS,11,33,25,31.25
CNS,11,33.1,23,31.25
CNS,11,33.2,20,31.25
CNS,11,33.3,19,31.25
CNS,11,33.4,27,31.25
CNS,11,33.5,22,31.25
CNS,11,33.6,18,31.25
CNS,11,33.6,17,31.25
CNS,11,33.9,16,31.25
CNS,11,33.9,16,31.25
CNS,11,34,22,31.25
CNS,11,34.1,24,31.25
CNS,11,34.2,21,31.25
CNS,11,34.3,19,31.25
CNS,11,34.5,16,31.25
CNS,11,34.6,15,31.25
CNS,11,34.6,13,31.25
CNS,11,35,10,31.25
CNS,11,35.2,7,31.25
CNN,1,23.2,59,30.12
CNN,1,23.2,61,30.12
CNN,1,23.3,61,30.12
CNN,1,23.4,63,30.12
CNN,1,23.5,64,30.12
CNN,1,23.5,63,30.12
CNN,1,23.6,65,30.12
CNN,1,23.7,65,30.12
CNN,1,23.8,64,30.12
CNN,1,23.9,65,30.12
CNN,1,23.9,65,30.12
CNN,1,24.6,65,30.12
CNN,1,24.6,64,30.12
CNN,1,24.7,67,30.12
CNN,1,24.8,67,30.12
CNN,1,24.9,68,30.12
CNN,1,25,69,30.12
CNN,1,25.1,69,30.12
CNN,1,25.2,69,30.12
CNN,1,25.3,70,30.12
CNN,1,25.4,69,30.12
CNN,1,25.5,68,30.12
CNN,1,25.6,70,30.12
CNN,1,25.7,71,30.12
CNN,1,25.7,72,30.12
CNN,1,25.8,70,30.12
CNN,1,25.8,71,30.12
CNN,1,26,72,30.12
CNN,1,26.2,72,30.12
CNN,1,26.2,71,30.12
CNN,1,26.2,71,30.12
CNN,1,26.4,74,30.12
CNN,1,26.4,73,30.12
CNN,1,26.6,73,30.12
CNN,1,26.7,75,30.12
CNN,1,26.7,76,30.12
CNN,1,26.8,76,30.12
CNN,1,26.9,74,30.12
CNN,1,27,74,30.12
CNN,1,27.1,75,30.12
CNN,1,27.2,75,30.12
CNN,1,27.3,77,30.12
CNN,1,27.4,77,30.12
CNN,1,27.5,78,30.12
CNN,1,27.6,77,30.12
CNN,1,27.7,77,30.12
CNN,1,27.8,78,30.12
CNN,1,27.9,79,30.12
CNN,1,28.1,78,30.12
CNN,1,28.2,76,30.12
CNN,1,28.3,79,30.12
CNN,1,28.4,80,30.12
CNN,1,28.5,79,30.12
CNN,1,28.6,78,30.12
CNN,1,28.7,80,30.12
CNN,1,28.8,81,30.12
CNN,1,29.1,79,30.12
CNN,1,29.2,79,30.12
CNN,1,29.3,81,30.12
CNN,1,29.7,81,30.12
CNN,1,29.8,78,30.12
CNN,1,29.9,79,30.12
CNN,1,30,80,30.12
CNN,1,30,80,30.12
CNN,1,30.2,81,30.12
CNN,1,30.3,81,30.12
CNN,1,30.3,82,30.12
CNN,1,30.4,83,30.12
CNN,1,30.5,82,30.12
CNN,1,30.5,82,30.12
CNN,1,30.6,82,30.12
CNN,1,30.7,81,30.12
CNN,1,30.7,80,30.12
CNN,1,30.8,81,30.12
CNN,1,30.9,77,30.12
CNN,1,31,79,30.12
CNN,1,31,78,30.12
CNN,1,31.2,77,30.12
CNN,1,31.3,78,30.12
CNN,1,31.4,79,30.12
CNN,1,31.5,80,30.12
CNN,1,31.5,78,30.12
CNN,1,31.7,79,30.12
CNN,1,31.8,79,30.12
CNN,1,31.9,78,30.12
CNN,1,32,76,30.12
CNN,1,32,77,30.12
CNN,1,32.1,76,30.12
CNN,1,32.2,74,30.12
CNN,1,32.3,75,30.12
CNN,1,32.3,75,30.12
CNN,1,32.5,74,30.12
CNN,1,32.6,76,30.12
CNN,1,32.7,73,30.12
CNN,1,32.8,71,30.12
CNN,1,32.9,74,30.12
CNN,1,32.9,73,30.12
CNN,1,33,73,30.12
CNN,1,33.2,70,30.12
CNN,1,33.2,71,30.12
CNN,1,33.3,71,30.12
CNN,2,22.9,60,30.53
CNN,2,22.9,60,30.53
CNN,2,22.9,61,30.53
CNN,2,23.3,60,30.53
CNN,2,23.4,60,30.53
CNN,2,23.5,60,30.53
CNN,2,23.7,60,30.53
CNN,2,23.9,63,30.53
CNN,2,24.2,62,30.53
CNN,2,24.2,62,30.53
CNN,2,24.3,64,30.53
CNN,2,24.4,62,30.53
CNN,2,24.5,64,30.53
CNN,2,24.6,65,30.53
CNN,2,24.6,66,30.53
CNN,2,25.2,66,30.53
CNN,2,25.3,66,30.53
CNN,2,25.4,67,30.53
CNN,2,25.6,69,30.53
CNN,2,25.7,69,30.53
CNN,2,26.2,70,30.53
CNN,2,26.4,70,30.53
CNN,2,26.4,69,30.53
CNN,2,26.6,69,30.53
CNN,2,26.7,70,30.53
CNN,2,26.7,69,30.53
CNN,2,26.8,71,30.53
CNN,2,26.9,72,30.53
CNN,2,27,72,30.53
CNN,2,27.1,72,30.53
CNN,2,27.2,73,30.53
CNN,2,27.3,72,30.53
CNN,2,27.4,73,30.53
CNN,2,27.5,72,30.53
CNN,2,27.6,72,30.53
CNN,2,27.7,71,30.53
CNN,2,27.8,72,30.53
CNN,2,28.7,71,30.53
CNN,2,28.8,73,30.53
CNN,2,28.9,73,30.53
CNN,2,29,74,30.53
CNN,2,29.1,75,30.53
CNN,2,29.2,72,30.53
CNN,2,29.3,74,30.53
CNN,2,29.4,73,30.53
CNN,2,29.5,74,30.53
CNN,2,29.6,73,30.53
CNN,2,29.7,74,30.53
CNN,2,29.8,74,30.53
CNN,2,29.9,75,30.53
CNN,2,30,74,30.53
CNN,2,30,74,30.53
CNN,2,30.1,74,30.53
CNN,2,30.2,74,30.53
CNN,2,30.2,74,30.53
CNN,2,30.3,74,30.53
CNN,2,30.3,73,30.53
CNN,2,30.4,73,30.53
CNN,2,30.5,73,30.53
CNN,2,30.5,73,30.53
CNN,2,30.7,74,30.53
CNN,2,30.7,71,30.53
CNN,2,30.9,67,30.53
CNN,2,31,68,30.53
CNN,2,31,66,30.53
CNN,2,31.2,67,30.53
CNN,2,31.2,68,30.53
CNN,2,31.3,66,30.53
CNN,2,31.4,65,30.53
CNN,2,32,65,30.53
CNN,2,32,65,30.53
CNN,2,32.1,63,30.53
CNN,2,32.2,62,30.53
CNN,2,32.3,62,30.53
CNN,2,32.5,62,30.53
CNN,2,32.6,63,30.53
CNN,2,32.7,62,30.53
CNN,2,32.8,63,30.53
CNN,2,32.9,61,30.53
CNN,2,32.9,59,30.53
CNN,2,33,57,30.53
CNN,2,33.3,57,30.53
CNN,2,33.4,55,30.53
CNN,2,33.5,54,30.53
CNN,2,33.8,47,30.53
CNN,2,34,44,30.53
CNN,2,34.1,44,30.53
CNN,2,34.2,42,30.53
CNN,2,34.3,41,30.53
CNN,2,34.3,40,30.53
CNN,3,22.9,52,30.23
CNN,3,22.9,52,30.23
CNN,3,22.9,54,30.23
CNN,3,22.9,54,30.23
CNN,3,23,53,30.23
CNN,3,23.1,54,30.23
CNN,3,23.1,52,30.23
CNN,3,23.2,53,30.23
CNN,3,23.3,54,30.23
CNN,3,23.3,54,30.23
CNN,3,23.4,54,30.23
CNN,3,23.5,54,30.23
CNN,3,23.6,54,30.23
CNN,3,23.6,57,30.23
CNN,3,23.8,57,30.23
CNN,3,23.8,56,30.23
CNN,3,23.9,58,30.23
CNN,3,24.1,58,30.23
CNN,3,24.2,56,30.23
CNN,3,24.3,58,30.23
CNN,3,24.4,57,30.23
CNN,3,24.5,57,30.23
CNN,3,24.6,59,30.23
CNN,3,24.7,57,30.23
CNN,3,24.8,59,30.23
CNN,3,24.8,58,30.23
CNN,3,24.9,59,30.23
CNN,3,25,61,30.23
CNN,3,25,63,30.23
CNN,3,25.2,64,30.23
CNN,3,25.3,61,30.23
CNN,3,25.3,63,30.23
CNN,3,25.4,65,30.23
CNN,3,25.5,63,30.23
CNN,3,25.6,62,30.23
CNN,3,25.7,61,30.23
CNN,3,25.8,65,30.23
CNN,3,25.9,67,30.23
CNN,3,26,65,30.23
CNN,3,26.1,66,30.23
CNN,3,26.2,67,30.23
CNN,3,26.3,69,30.23
CNN,3,26.4,68,30.23
CNN,3,26.5,69,30.23
CNN,3,26.6,68,30.23
CNN,3,26.7,70,30.23
CNN,3,26.8,71,30.23
CNN,3,26.9,69,30.23
CNN,3,27,68,30.23
CNN,3,27.1,69,30.23
CNN,3,27.2,71,30.23
CNN,3,27.3,69,30.23
CNN,3,27.4,70,30.23
CNN,3,27.5,69,30.23
CNN,3,27.6,68,30.23
CNN,3,27.7,68,30.23
CNN,3,27.8,69,30.23
CNN,3,27.9,69,30.23
CNN,3,27.9,70,30.23
CNN,3,28,69,30.23
CNN,3,28.1,68,30.23
CNN,3,28.2,68,30.23
CNN,3,28.3,68,30.23
CNN,3,28.4,69,30.23
CNN,3,28.5,70,30.23
CNN,3,28.6,69,30.23
CNN,3,28.7,71,30.23
CNN,3,28.8,71,30.23
CNN,3,28.9,72,30.23
CNN,3,28.9,72,30.23
CNN,3,29,75,30.23
CNN,3,29.1,75,30.23
CNN,3,29.2,76,30.23
CNN,3,29.3,73,30.23
CNN,3,29.4,73,30.23
CNN,3,29.5,75,30.23
CNN,3,29.6,73,30.23
CNN,3,29.7,71,30.23
CNN,3,29.8,73,30.23
CNN,3,29.9,74,30.23
CNN,3,30,74,30.23
CNN,3,30.1,73,30.23
CNN,3,30.1,74,30.23
CNN,3,30.2,72,30.23
CNN,3,30.3,70,30.23
CNN,3,30.3,68,30.23
CNN,3,30.4,69,30.23
CNN,3,30.4,69,30.23
CNN,3,30.9,67,30.23
CNN,3,30.9,64,30.23
CNN,3,31,62,30.23
CNN,3,31.1,59,30.23
CNN,3,31.2,55,30.23
CNN,3,31.3,58,30.23
CNN,3,31.4,57,30.23
CNN,3,32.5,51,30.23
CNN,3,32.6,48,30.23
CNN,3,32.8,42,30.23
CNN,3,33.1,40,30.23
CNN,3,33.5,38,30.23
CNN,3,33.6,32,30.23
CNN,3,34.3,36,30.23
CNN,3,34.3,32,30.23
CNN,3,34.5,31,30.23
CNN,3,34.5,28,30.23
CNN,3,34.7,16,30.23
CNN,3,34.8,14,30.23
CNN,3,34.8,12,30.23
CNN,3,35,17,30.23
CNN,3,35,11,30.23
CNN,4,22.9,54,30.45
CNN,4,22.9,54,30.45
CNN,4,22.9,54,30.45
CNN,4,22.9,54,30.45
CNN,4,23,54,30.45
CNN,4,23.1,54,30.45
CNN,4,23.1,54,30.45
CNN,4,23.2,57,30.45
CNN,4,23.3,57,30.45
CNN,4,23.3,57,30.45
CNN,4,23.4,57,30.45
CNN,4,23.5,57,30.45
CNN,4,23.6,57,30.45
CNN,4,23.6,57,30.45
CNN,4,23.7,58,30.45
CNN,4,23.8,58,30.45
CNN,4,23.8,59,30.45
CNN,4,23.9,60,30.45
CNN,4,24,63,30.45
CNN,4,24.1,60,30.45
CNN,4,24.2,60,30.45
CNN,4,24.3,61,30.45
CNN,4,24.4,62,30.45
CNN,4,24.5,63,30.45
CNN,4,24.6,64,30.45
CNN,4,24.7,63,30.45
CNN,4,24.8,63,30.45
CNN,4,24.8,63,30.45
CNN,4,24.9,63,30.45
CNN,4,25,63,30.45
CNN,4,25,63,30.45
CNN,4,25.2,64,30.45
CNN,4,25.3,64,30.45
CNN,4,25.3,66,30.45
CNN,4,25.4,66,30.45
CNN,4,25.5,66,30.45
CNN,4,25.6,66,30.45
CNN,4,25.7,66,30.45
CNN,4,25.8,66,30.45
CNN,4,25.9,67,30.45
CNN,4,26,67,30.45
CNN,4,26.1,69,30.45
CNN,4,26.2,69,30.45
CNN,4,26.3,69,30.45
CNN,4,26.4,70,30.45
CNN,4,26.5,71,30.45
CNN,4,26.6,72,30.45
CNN,4,26.7,73,30.45
CNN,4,26.8,73,30.45
CNN,4,26.9,73,30.45
CNN,4,27,76,30.45
CNN,4,27.1,74,30.45
CNN,4,27.2,76,30.45
CNN,4,27.3,76,30.45
CNN,4,27.4,77,30.45
CNN,4,27.5,78,30.45
CNN,4,27.8,78,30.45
CNN,4,27.9,79,30.45
CNN,4,27.9,77,30.45
CNN,4,28,79,30.45
CNN,4,28.2,78,30.45
CNN,4,28.5,78,30.45
CNN,4,28.6,76,30.45
CNN,4,28.7,76,30.45
CNN,4,28.8,80,30.45
CNN,4,29,75,30.45
CNN,4,29.1,78,30.45
CNN,4,29.2,79,30.45
CNN,4,30.1,75,30.45
CNN,4,30.1,75,30.45
CNN,4,30.2,75,30.45
CNN,4,30.3,75,30.45
CNN,4,30.3,75,30.45
CNN,4,30.4,75,30.45
CNN,4,30.4,75,30.45
CNN,4,30.5,75,30.45
CNN,4,30.9,76,30.45
CNN,4,31,76,30.45
CNN,4,31.1,71,30.45
CNN,4,31.2,72,30.45
CNN,4,31.3,69,30.45
CNN,4,31.4,69,30.45
CNN,4,31.5,69,30.45
CNN,4,31.6,69,30.45
CNN,4,31.7,67,30.45
CNN,4,31.8,67,30.45
CNN,4,31.8,65,30.45
CNN,4,31.9,62,30.45
CNN,4,32,57,30.45
CNN,4,32.1,57,30.45
CNN,4,32.2,57,30.45
CNN,4,32.3,40,30.45
CNN,4,32.4,42,30.45
CNN,4,32.6,39,30.45
CNN,4,32.7,36,30.45
CNN,4,32.9,32,30.45
CNN,4,33,27,30.45
CNN,4,33.1,29,30.45
CNN,4,33.2,25,30.45
CNN,4,33.3,25,30.45
CNN,4,33.4,21,30.45
CNN,4,33.7,17,30.45
CNN,4,33.8,17,30.45
CNN,4,33.9,18,30.45
CNN,4,34,12,30.45
CNN,4,34.2,10,30.45
CNN,5,22.9,75,30.58
CNN,5,22.9,77,30.58
CNN,5,22.9,75,30.58
CNN,5,23,76,30.58
CNN,5,23.1,78,30.58
CNN,5,23.1,75,30.58
CNN,5,23.2,75,30.58
CNN,5,23.3,79,30.58
CNN,5,23.3,77,30.58
CNN,5,23.4,80,30.58
CNN,5,23.5,76,30.58
CNN,5,23.7,80,30.58
CNN,5,23.8,83,30.58
CNN,5,23.8,84,30.58
CNN,5,23.9,84,30.58
CNN,5,24,84,30.58
CNN,5,24.1,85,30.58
CNN,5,24.2,86,30.58
CNN,5,24.3,85,30.58
CNN,5,24.4,86,30.58
CNN,5,24.5,84,30.58
CNN,5,24.6,84,30.58
CNN,5,24.7,86,30.58
CNN,5,24.8,88,30.58
CNN,5,24.8,87,30.58
CNN,5,24.9,89,30.58
CNN,5,25,90,30.58
CNN,5,25,90,30.58
CNN,5,25.2,90,30.58
CNN,5,25.3,91,30.58
CNN,5,25.3,92,30.58
CNN,5,25.4,92,30.58
CNN,5,25.5,92,30.58
CNN,5,25.6,92,30.58
CNN,5,25.7,92,30.58
CNN,5,25.8,94,30.58
CNN,5,25.9,94,30.58
CNN,5,26,93,30.58
CNN,5,26.1,91,30.58
CNN,5,26.2,94,30.58
CNN,5,26.3,94,30.58
CNN,5,26.4,91,30.58
CNN,5,26.5,93,30.58
CNN,5,26.6,96,30.58
CNN,5,26.7,98,30.58
CNN,5,26.8,98,30.58
CNN,5,26.9,96,30.58
CNN,5,27,99,30.58
CNN,5,27.1,100,30.58
CNN,5,27.4,100,30.58
CNN,5,27.5,101,30.58
CNN,5,27.6,102,30.58
CNN,5,27.7,101,30.58
CNN,5,27.8,102,30.58
CNN,5,27.9,103,30.58
CNN,5,27.9,103,30.58
CNN,5,28,104,30.58
CNN,5,28.1,104,30.58
CNN,5,28.2,101,30.58
CNN,5,28.3,102,30.58
CNN,5,28.4,103,30.58
CNN,5,28.5,104,30.58
CNN,5,28.6,105,30.58
CNN,5,28.7,106,30.58
CNN,5,28.8,106,30.58
CNN,5,28.9,107,30.58
CNN,5,28.9,106,30.58
CNN,5,29,107,30.58
CNN,5,29.1,106,30.58
CNN,5,29.2,107,30.58
CNN,5,29.3,106,30.58
CNN,5,29.4,104,30.58
CNN,5,29.5,106,30.58
CNN,5,29.6,105,30.58
CNN,5,29.7,106,30.58
CNN,5,29.8,106,30.58
CNN,5,29.9,107,30.58
CNN,5,30,107,30.58
CNN,5,30.1,106,30.58
CNN,5,30.1,106,30.58
CNN,5,30.2,105,30.58
CNN,5,30.3,105,30.58
CNN,5,30.3,106,30.58
CNN,5,30.4,104,30.58
CNN,5,30.4,104,30.58
CNN,5,30.5,103,30.58
CNN,5,30.5,104,30.58
CNN,5,30.6,102,30.58
CNN,5,30.8,103,30.58
CNN,5,30.8,102,30.58
CNN,5,30.9,100,30.58
CNN,5,30.9,104,30.58
CNN,5,31,101,30.58
CNN,5,31.1,101,30.58
CNN,5,31.2,101,30.58
CNN,5,31.3,99,30.58
CNN,5,31.4,98,30.58
CNN,5,31.5,97,30.58
CNN,5,31.6,98,30.58
CNN,5,31.7,95,30.58
CNN,5,31.8,93,30.58
CNN,5,31.8,93,30.58
CNN,5,31.9,92,30.58
CNN,5,32,92,30.58
CNN,5,32.1,92,30.58
CNN,5,32.2,92,30.58
CNN,5,32.3,90,30.58
CNN,5,32.4,90,30.58
CNN,5,32.5,89,30.58
CNN,5,32.6,85,30.58
CNN,5,32.7,83,30.58
CNN,5,32.8,78,30.58
CNN,5,32.8,73,30.58
CNN,5,32.9,68,30.58
CNN,5,33,73,30.58
CNN,5,33.1,63,30.58
CNN,5,33.2,60,30.58
CNN,5,33.3,63,30.58
CNN,5,33.7,46,30.58
CNN,5,33.8,45,30.58
CNN,5,33.9,42,30.58
CNN,5,34,43,30.58
CNN,5,34.3,35,30.58
CNN,5,34.3,33,30.58
CNN,5,34.5,32,30.58
CNN,5,34.8,28,30.58
CNN,5,35,29,30.58
CNN,5,35,27,30.58
CNN,5,35.1,26,30.58
CNN,5,35.2,22,30.58
CNN,5,35.4,16,30.58
CNN,6,23.7,49,30.86
CNN,6,23.9,49,30.86
CNN,6,24.1,48,30.86
CNN,6,24.1,49,30.86
CNN,6,24.1,51,30.86
CNN,6,24.2,51,30.86
CNN,6,24.3,49,30.86
CNN,6,24.4,51,30.86
CNN,6,24.4,53,30.86
CNN,6,24.5,53,30.86
CNN,6,24.6,53,30.86
CNN,6,24.7,51,30.86
CNN,6,24.8,52,30.86
CNN,6,24.9,53,30.86
CNN,6,25,53,30.86
CNN,6,25.6,52,30.86
CNN,6,25.7,52,30.86
CNN,6,25.8,52,30.86
CNN,6,25.9,54,30.86
CNN,6,26,53,30.86
CNN,6,26.1,53,30.86
CNN,6,26.2,52,30.86
CNN,6,26.3,53,30.86
CNN,6,26.4,54,30.86
CNN,6,26.5,54,30.86
CNN,6,26.6,55,30.86
CNN,6,26.8,55,30.86
CNN,6,26.9,54,30.86
CNN,6,27.2,57,30.86
CNN,6,27.3,56,30.86
CNN,6,27.4,57,30.86
CNN,6,29.8,57,30.86
CNN,6,29.9,58,30.86
CNN,6,30,59,30.86
CNN,6,30.1,59,30.86
CNN,6,30.2,58,30.86
CNN,6,30.3,61,30.86
CNN,6,30.4,61,30.86
CNN,6,30.5,60,30.86
CNN,6,30.5,61,30.86
CNN,6,30.7,60,30.86
CNN,6,30.7,61,30.86
CNN,6,30.8,63,30.86
CNN,6,30.9,62,30.86
CNN,6,31,63,30.86
CNN,6,31.1,62,30.86
CNN,6,31.3,56,30.86
CNN,6,31.4,49,30.86
CNN,6,31.5,41,30.86
CNN,6,31.5,51,30.86
CNN,6,31.8,45,30.86
CNN,6,31.9,39,30.86
CNN,6,32.1,38,30.86
CNN,6,32.2,47,30.86
CNN,6,32.5,48,30.86
CNN,6,32.6,38,30.86
CNN,6,32.6,36,30.86
CNN,6,32.7,38,30.86
CNN,6,32.8,29,30.86
CNN,6,32.9,37,30.86
CNN,6,33,31,30.86
CNN,6,33.2,34,30.86
CNN,6,33.3,31,30.86
CNN,6,33.4,30,30.86
CNN,6,33.5,30,30.86
CNN,6,33.5,22,30.86
CNN,6,33.8,31,30.86
CNN,6,33.8,29,30.86
CNN,6,33.8,23,30.86
CNN,6,33.9,26,30.86
CNN,6,34,20,30.86
CNN,6,34.2,23,30.86
CNN,7,23.1,64,29.23
CNN,7,23.1,64,29.23
CNN,7,23.1,64,29.23
CNN,7,23.2,65,29.23
CNN,7,23.2,63,29.23
CNN,7,23.3,63,29.23
CNN,7,23.4,66,29.23
CNN,7,23.5,66,29.23
CNN,7,23.6,66,29.23
CNN,7,23.6,65,29.23
CNN,7,23.7,67,29.23
CNN,7,23.7,68,29.23
CNN,7,23.9,67,29.23
CNN,7,23.9,69,29.23
CNN,7,24.1,69,29.23
CNN,7,24.1,68,29.23
CNN,7,24.1,69,29.23
CNN,7,24.2,70,29.23
CNN,7,24.3,70,29.23
CNN,7,24.4,69,29.23
CNN,7,24.4,68,29.23
CNN,7,24.5,68,29.23
CNN,7,24.6,71,29.23
CNN,7,24.7,74,29.23
CNN,7,25.1,73,29.23
CNN,7,25.2,73,29.23
CNN,7,25.3,75,29.23
CNN,7,25.4,74,29.23
CNN,7,25.5,72,29.23
CNN,7,25.6,74,29.23
CNN,7,25.6,73,29.23
CNN,7,25.7,76,29.23
CNN,7,25.8,76,29.23
CNN,7,25.9,76,29.23
CNN,7,26,76,29.23
CNN,7,26.1,77,29.23
CNN,7,26.3,76,29.23
CNN,7,26.4,76,29.23
CNN,7,26.5,77,29.23
CNN,7,26.8,78,29.23
CNN,7,26.9,80,29.23
CNN,7,26.9,79,29.23
CNN,7,27,78,29.23
CNN,7,27.2,78,29.23
CNN,7,27.3,80,29.23
CNN,7,27.4,80,29.23
CNN,7,27.5,78,29.23
CNN,7,27.6,80,29.23
CNN,7,27.7,81,29.23
CNN,7,27.8,81,29.23
CNN,7,27.9,81,29.23
CNN,7,27.9,82,29.23
CNN,7,28,82,29.23
CNN,7,28.1,81,29.23
CNN,7,28.2,82,29.23
CNN,7,28.3,83,29.23
CNN,7,28.4,82,29.23
CNN,7,28.7,83,29.23
CNN,7,28.8,82,29.23
CNN,7,28.9,84,29.23
CNN,7,29,85,29.23
CNN,7,29,83,29.23
CNN,7,29.1,84,29.23
CNN,7,29.2,84,29.23
CNN,7,29.5,82,29.23
CNN,7,29.5,84,29.23
CNN,7,29.8,82,29.23
CNN,7,29.8,83,29.23
CNN,7,29.9,82,29.23
CNN,7,30,81,29.23
CNN,7,30.2,78,29.23
CNN,7,30.3,79,29.23
CNN,7,30.4,79,29.23
CNN,7,30.5,78,29.23
CNN,7,30.7,81,29.23
CNN,7,30.8,80,29.23
CNN,7,30.9,77,29.23
CNN,7,31,78,29.23
CNN,7,31.1,77,29.23
CNN,7,31.2,76,29.23
CNN,7,31.2,76,29.23
CNN,7,31.3,77,29.23
CNN,7,31.4,78,29.23
CNN,7,31.5,77,29.23
CNN,7,31.7,77,29.23
CNN,7,31.8,77,29.23
CNN,7,32.2,76,29.23
CNN,7,32.3,75,29.23
CNN,7,32.4,75,29.23
CNN,7,32.6,70,29.23
CNN,7,33.1,66,29.23
CNN,7,33.2,66,29.23
CNN,7,33.3,63,29.23
CNN,7,33.4,66,29.23
CNN,7,33.5,66,29.23
CNN,8,23.2,58,31.65
CNN,8,23.4,60,31.65
CNN,8,23.6,61,31.65
CNN,8,23.6,60,31.65
CNN,8,23.7,59,31.65
CNN,8,23.7,60,31.65
CNN,8,23.9,60,31.65
CNN,8,23.9,63,31.65
CNN,8,24.1,63,31.65
CNN,8,24.1,63,31.65
CNN,8,24.1,63,31.65
CNN,8,24.2,64,31.65
CNN,8,24.3,64,31.65
CNN,8,24.4,64,31.65
CNN,8,24.4,64,31.65
CNN,8,24.5,63,31.65
CNN,8,24.6,63,31.65
CNN,8,24.7,63,31.65
CNN,8,24.8,63,31.65
CNN,8,24.9,62,31.65
CNN,8,25,62,31.65
CNN,8,25.1,62,31.65
CNN,8,25.2,62,31.65
CNN,8,25.3,63,31.65
CNN,8,25.4,63,31.65
CNN,8,26.8,70,31.65
CNN,8,26.9,70,31.65
CNN,8,26.9,72,31.65
CNN,8,27.6,75,31.65
CNN,8,27.7,75,31.65
CNN,8,27.8,75,31.65
CNN,8,27.9,75,31.65
CNN,8,27.9,75,31.65
CNN,8,28.5,78,31.65
CNN,8,28.6,78,31.65
CNN,8,28.7,78,31.65
CNN,8,28.8,78,31.65
CNN,8,29,78,31.65
CNN,8,29,78,31.65
CNN,8,29.1,78,31.65
CNN,8,29.2,78,31.65
CNN,8,29.5,79,31.65
CNN,8,29.7,81,31.65
CNN,8,29.8,81,31.65
CNN,8,29.8,80,31.65
CNN,8,29.9,83,31.65
CNN,8,30,80,31.65
CNN,8,30.4,75,31.65
CNN,8,30.5,75,31.65
CNN,8,30.5,76,31.65
CNN,8,30.8,78,31.65
CNN,8,30.9,79,31.65
CNN,8,31.2,79,31.65
CNN,8,31.3,78,31.65
CNN,8,31.5,78,31.65
CNN,8,31.5,79,31.65
CNN,8,31.7,78,31.65
CNN,8,31.8,76,31.65
CNN,8,31.9,79,31.65
CNN,8,31.9,77,31.65
CNN,8,32.3,64,31.65
CNN,8,32.4,52,31.65
CNN,8,32.5,52,31.65
CNN,8,33,54,31.65
CNN,8,33.1,55,31.65
CNN,8,33.2,50,31.65
CNN,8,33.3,44,31.65
CNN,8,33.4,44,31.65
CNN,8,33.5,40,31.65
CNN,8,33.5,35,31.65
CNN,8,33.8,24,31.65
CNN,9,23.1,61,31.01
CNN,9,23.1,63,31.01
CNN,9,23.2,63,31.01
CNN,9,23.2,62,31.01
CNN,9,23.3,63,31.01
CNN,9,23.3,61,31.01
CNN,9,23.4,61,31.01
CNN,9,23.5,64,31.01
CNN,9,23.6,63,31.01
CNN,9,23.7,62,31.01
CNN,9,23.7,63,31.01
CNN,9,23.7,64,31.01
CNN,9,23.8,65,31.01
CNN,9,23.9,66,31.01
CNN,9,24.2,65,31.01
CNN,9,24.2,66,31.01
CNN,9,24.3,64,31.01
CNN,9,24.5,67,31.01
CNN,9,24.5,66,31.01
CNN,9,24.7,66,31.01
CNN,9,24.7,66,31.01
CNN,9,24.7,68,31.01
CNN,9,24.8,66,31.01
CNN,9,24.9,66,31.01
CNN,9,25,67,31.01
CNN,9,25.1,65,31.01
CNN,9,25.2,65,31.01
CNN,9,25.3,66,31.01
CNN,9,25.3,67,31.01
CNN,9,25.4,66,31.01
CNN,9,25.7,68,31.01
CNN,9,25.8,68,31.01
CNN,9,25.9,67,31.01
CNN,9,26,66,31.01
CNN,9,26.1,69,31.01
CNN,9,26.1,70,31.01
CNN,9,26.2,71,31.01
CNN,9,26.4,71,31.01
CNN,9,26.5,68,31.01
CNN,9,26.8,69,31.01
CNN,9,26.9,70,31.01
CNN,9,27,70,31.01
CNN,9,27,72,31.01
CNN,9,27.2,73,31.01
CNN,9,27.3,73,31.01
CNN,9,27.5,74,31.01
CNN,9,27.5,73,31.01
CNN,9,27.6,74,31.01
CNN,9,27.7,73,31.01
CNN,9,27.8,71,31.01
CNN,9,27.9,76,31.01
CNN,9,28,75,31.01
CNN,9,28.1,76,31.01
CNN,9,28.2,78,31.01
CNN,9,28.2,76,31.01
CNN,9,28.4,78,31.01
CNN,9,28.5,76,31.01
CNN,9,28.6,77,31.01
CNN,9,28.7,79,31.01
CNN,9,28.8,78,31.01
CNN,9,28.9,73,31.01
CNN,9,29,75,31.01
CNN,9,29.1,74,31.01
CNN,9,29.2,77,31.01
CNN,9,29.2,79,31.01
CNN,9,29.3,74,31.01
CNN,9,29.4,80,31.01
CNN,9,29.5,77,31.01
CNN,9,29.6,77,31.01
CNN,9,29.7,77,31.01
CNN,9,29.8,80,31.01
CNN,9,29.9,80,31.01
CNN,9,30.1,79,31.01
CNN,9,30.2,79,31.01
CNN,9,30.3,78,31.01
CNN,9,30.4,79,31.01
CNN,9,30.5,78,31.01
CNN,9,30.5,82,31.01
CNN,9,30.6,77,31.01
CNN,9,30.7,80,31.01
CNN,9,30.8,79,31.01
CNN,9,30.9,77,31.01
CNN,9,31,76,31.01
CNN,9,31,76,31.01
CNN,9,31.3,76,31.01
CNN,9,31.4,75,31.01
CNN,9,31.5,73,31.01
CNN,9,33.1,60,31.01
CNN,9,33.2,54,31.01
CNN,9,33.5,54,31.01
CNN,9,33.5,48,31.01
CNN,9,33.6,45,31.01
CNN,9,33.7,36,31.01
CNN,9,33.8,45,31.01
CNN,9,34,32,31.01
CNN,9,34.1,33,31.01
CNN,9,34.1,30,31.01
CNN,9,34.3,37,31.01
CNN,9,34.4,31,31.01
CNN,9,34.9,25,31.01
CNN,9,35,25,31.01
CNN,9,35,23,31.01
CNN,9,35.1,20,31.01
CNN,10,23.7,64,31.87
CNN,10,23.8,66,31.87
CNN,10,23.9,67,31.87
CNN,10,23.9,68,31.87
CNN,10,24,69,31.87
CNN,10,24,66,31.87
CNN,10,24.2,66,31.87
CNN,10,24.2,68,31.87
CNN,10,24.3,68,31.87
CNN,10,24.5,69,31.87
CNN,10,24.5,69,31.87
CNN,10,24.7,68,31.87
CNN,10,24.7,69,31.87
CNN,10,24.9,70,31.87
CNN,10,25,71,31.87
CNN,10,25.3,71,31.87
CNN,10,25.3,71,31.87
CNN,10,25.9,71,31.87
CNN,10,26,72,31.87
CNN,10,26.2,71,31.87
CNN,10,26.4,74,31.87
CNN,10,26.5,73,31.87
CNN,10,26.8,74,31.87
CNN,10,26.9,75,31.87
CNN,10,27,77,31.87
CNN,10,27,76,31.87
CNN,10,27.2,73,31.87
CNN,10,27.3,75,31.87
CNN,10,27.5,77,31.87
CNN,10,27.5,76,31.87
CNN,10,27.6,79,31.87
CNN,10,27.7,78,31.87
CNN,10,27.8,78,31.87
CNN,10,27.9,80,31.87
CNN,10,28,78,31.87
CNN,10,28.2,80,31.87
CNN,10,28.2,79,31.87
CNN,10,28.3,81,31.87
CNN,10,28.4,80,31.87
CNN,10,28.5,82,31.87
CNN,10,28.6,82,31.87
CNN,10,28.8,81,31.87
CNN,10,28.9,80,31.87
CNN,10,29,83,31.87
CNN,10,29.1,85,31.87
CNN,10,29.2,83,31.87
CNN,10,29.2,84,31.87
CNN,10,29.3,86,31.87
CNN,10,29.4,86,31.87
CNN,10,29.5,82,31.87
CNN,10,29.6,85,31.87
CNN,10,29.7,84,31.87
CNN,10,29.8,87,31.87
CNN,10,29.9,85,31.87
CNN,10,30,84,31.87
CNN,10,30.1,86,31.87
CNN,10,30.2,87,31.87
CNN,10,30.3,87,31.87
CNN,10,30.5,87,31.87
CNN,10,30.5,85,31.87
CNN,10,30.6,84,31.87
CNN,10,30.7,85,31.87
CNN,10,30.8,85,31.87
CNN,10,30.9,86,31.87
CNN,10,31,86,31.87
CNN,10,31,86,31.87
CNN,10,31.2,86,31.87
CNN,10,31.3,85,31.87
CNN,10,31.4,83,31.87
CNN,10,31.5,83,31.87
CNN,10,31.6,83,31.87
CNN,10,31.7,79,31.87
CNN,10,31.8,81,31.87
CNN,10,31.9,81,31.87
CNN,10,32,81,31.87
CNN,10,32.1,78,31.87
CNN,10,32.2,76,31.87
CNN,10,32.2,73,31.87
CNN,10,32.3,76,31.87
CNN,10,32.4,79,31.87
CNN,10,32.5,75,31.87
CNN,10,32.6,78,31.87
CNN,10,32.7,75,31.87
CNN,10,32.7,73,31.87
CNN,10,32.8,74,31.87
CNN,10,33,74,31.87
CNN,10,33.1,72,31.87
CNN,10,33.2,72,31.87
CNN,10,33.2,66,31.87
CNN,10,33.5,33,31.87
CNN,10,33.6,57,31.87
CNN,10,33.7,47,31.87
CNN,10,33.8,36,31.87
CNN,10,34.1,29,31.87
CNN,10,34.4,22,31.87
CNN,10,34.6,17,31.87
CNN,10,34.6,15,31.87
CNN,10,34.7,17,31.87
CNN,10,34.9,18,31.87
CNN,10,35,21,31.87
CNN,10,35.1,15,31.87
CNN,10,35.2,13,31.87
CNN,11,23.1,56,31.35
CNN,11,23.3,55,31.35
CNN,11,23.3,56,31.35
CNN,11,23.5,55,31.35
CNN,11,23.7,56,31.35
CNN,11,23.8,56,31.35
CNN,11,23.9,58,31.35
CNN,11,23.9,59,31.35
CNN,11,24,59,31.35
CNN,11,24,59,31.35
CNN,11,24.2,57,31.35
CNN,11,24.2,57,31.35
CNN,11,24.3,57,31.35
CNN,11,24.5,57,31.35
CNN,11,24.5,57,31.35
CNN,11,24.7,57,31.35
CNN,11,24.8,57,31.35
CNN,11,24.9,57,31.35
CNN,11,25,59,31.35
CNN,11,25.3,58,31.35
CNN,11,25.3,59,31.35
CNN,11,25.4,58,31.35
CNN,11,25.5,59,31.35
CNN,11,25.6,61,31.35
CNN,11,25.7,62,31.35
CNN,11,25.8,61,31.35
CNN,11,26.1,61,31.35
CNN,11,26.1,60,31.35
CNN,11,26.2,62,31.35
CNN,11,26.5,63,31.35
CNN,11,26.5,65,31.35
CNN,11,26.6,64,31.35
CNN,11,26.7,65,31.35
CNN,11,26.8,64,31.35
CNN,11,27,65,31.35
CNN,11,27.2,64,31.35
CNN,11,27.5,66,31.35
CNN,11,27.5,66,31.35
CNN,11,27.6,65,31.35
CNN,11,27.7,66,31.35
CNN,11,27.8,66,31.35
CNN,11,27.9,66,31.35
CNN,11,28,67,31.35
CNN,11,28.1,65,31.35
CNN,11,28.2,66,31.35
CNN,11,28.2,67,31.35
CNN,11,28.3,67,31.35
CNN,11,28.4,67,31.35
CNN,11,28.5,65,31.35
CNN,11,28.6,67,31.35
CNN,11,28.7,65,31.35
CNN,11,28.8,66,31.35
CNN,11,28.9,66,31.35
CNN,11,29,67,31.35
CNN,11,29.1,67,31.35
CNN,11,29.2,67,31.35
CNN,11,29.2,69,31.35
CNN,11,29.3,70,31.35
CNN,11,29.4,69,31.35
CNN,11,29.5,69,31.35
CNN,11,29.6,68,31.35
CNN,11,29.7,70,31.35
CNN,11,29.8,69,31.35
CNN,11,29.9,68,31.35
CNN,11,30,69,31.35
CNN,11,30.1,68,31.35
CNN,11,30.2,70,31.35
CNN,11,30.3,72,31.35
CNN,11,30.4,70,31.35
CNN,11,30.5,70,31.35
CNN,11,30.5,69,31.35
CNN,11,30.6,69,31.35
CNN,11,30.7,69,31.35
CNN,11,30.8,70,31.35
CNN,11,30.9,71,31.35
CNN,11,31,69,31.35
CNN,11,31.2,70,31.35
CNN,11,31.3,68,31.35
CNN,11,31.4,68,31.35
CNN,11,31.5,68,31.35
CNN,11,31.6,67,31.35
CNN,11,31.7,65,31.35
CNN,11,31.8,64,31.35
CNN,11,31.9,64,31.35
CNN,11,32.1,62,31.35
CNN,11,32.6,62,31.35
CNN,11,32.7,62,31.35
CNN,11,32.7,51,31.35
CNN,11,32.8,47,31.35
CNN,11,33,47,31.35
CNN,11,33.2,48,31.35
CNN,11,33.2,48,31.35
CNN,11,33.4,48,31.35
CNN,11,33.5,48,31.35
CNN,11,33.5,44,31.35
CNN,11,33.6,44,31.35
CNN,11,33.7,42,31.35
CNN,11,33.8,42,31.35
CNN,11,34,41,31.35
CNN,11,34.1,35,31.35
CNN,11,34.3,27,31.35
CNN,11,34.4,21,31.35
CNN,11,34.5,16,31.35
CNN,11,34.6,16,31.35
