Temp,Group,MarkerID,GR_SL,GR_SW,GR_WW,SGR_SL,SGR_SW,SGR_WW
28,1,FEN_K090,11.2,4.7,3.94,0.031494874,0.019584123,0.081728139
28,1,FEN_K091,26.2,14.6,9.22,0.070922164,0.057952677,0.155483074
28,1,FEN_K092,13.3,7.3,-0.83,0.038596885,0.032544056,-0.019049485
28,1,FEN_K093,65.3,38.5,22.94,0.175591017,0.152983123,0.404925146
28,1,FEN_K095,19.3,4.9,1.33,0.057402939,0.021965524,0.03065912
28,1,FEN_K098,57.9,24.3,21.33,0.147753636,0.095234592,0.314664153
28,1,FEN_K099,31.4,23.1,7.17,0.087648511,0.096256326,0.144868957
28,1,FEN_K100,19,6.7,0.78,0.05028556,0.026491577,0.01331875
28,1,FEN_K103,16.5,11.4,13.11,0.039713763,0.04154491,0.150411644
28,1,FEN_K109,13.6,1.6,8.28,0.039024832,0.006538771,0.138097216
28,1,FEN_K110,17.2,8.8,2.06,0.051740224,0.036934531,0.047777521
28,1,FEN_K111,11.1,5.4,5.11,0.028733324,0.020462457,0.06769091
28,1,FEN_K112,8.7,1.7,-1.56,0.025256874,0.007326113,-0.039801044
28,1,FEN_K113,6.1,5.3,-5.83,0.017280764,0.021825332,-0.120873615
28,1,FEN_K114,31.8,16.3,6.39,0.090057902,0.066339704,0.120221202
28,1,FEN_K116,11.3,4.4,-3.89,0.032449256,0.019834523,-0.084890034
28,1,FEN_K117,33.1,13.6,16.78,0.088251063,0.054586494,0.260837486
28,1,FEN_K121,29.1,13.5,4.06,0.082784439,0.058635407,0.089621761
28,1,FEN_K122,10.1,7.3,-5.28,0.024786749,0.027553856,-0.073562796
28,1,FEN_K123,40.1,21.9,17.78,0.107874153,0.086796178,0.276138372
28,1,FEN_K124,30.4,15.1,25.17,0.067561523,0.051858992,0.231997588
28,1,FEN_K125,12.3,10.3,4.11,0.03195217,0.039852599,0.064509865
28,1,FEN_K127,15.9,7.3,0.22,0.046235752,0.031963931,0.005367728
28,1,FEN_K129,12.9,9.6,-4.22,0.030347271,0.032288216,-0.046733537
28,1,FEN_K130,46.7,22.8,14.39,0.120905055,0.089871769,0.225975702
28,1,FEN_K131,24.7,11.4,5.83,0.077321206,0.051403088,0.143949278
28,1,FEN_K135,31.1,12.8,11.39,0.084176636,0.051065387,0.201459635
28,1,FEN_K137,37.6,13.8,22.5,0.095029039,0.051216696,0.278235515
28,1,FEN_K138,15.1,8.3,1.94,0.038057973,0.03044622,0.027843256
28,1,FEN_K139,17.8,11.6,0.39,0.040232555,0.040021127,0.004229372
28,1,FEN_K140,43.4,20.1,16.06,0.112221481,0.076443384,0.233223484
28,1,FEN_K142,30.4,20,12.72,0.084777495,0.081148427,0.21707972
28,1,FEN_K143,44.9,19.4,24.67,0.114333021,0.073957396,0.309297403
28,1,FEN_K144,18.1,14.6,5.39,0.055346834,0.065112661,0.1278072
28,1,FEN_K148,26.4,15.5,7.83,0.070275203,0.062705402,0.147692858
28,1,FEN_K149,49.9,32.2,16.22,0.133642322,0.127871798,0.260970513
28,1,FEN_K150,27.8,17.9,7.17,0.081510221,0.075720307,0.158753969
28,1,FEN_K152,23.2,11.4,6.33,0.058034613,0.04163793,0.086459275
28,1,FEN_K154,44.8,25.3,21.72,0.132321356,0.10964413,0.415868344
28,1,FEN_K155,18.1,12.1,7.11,0.051081931,0.050645622,0.12396864
28,1,FEN_K156,33.4,21.9,18.28,0.084424273,0.080083194,0.229269642
28,1,FEN_K158,18.8,3.8,2.56,0.053890203,0.015880769,0.053843276
28,1,FEN_K160,21.6,13.8,8.28,0.058013282,0.055257377,0.148030139
28,1,FEN_K163,41.8,28.4,32.11,0.111126679,0.10859571,0.414669951
28,1,FEN_K164,42.1,24.2,13.39,0.111602298,0.095409534,0.225258393
28,1,FEN_K165,48.2,30.4,26.17,0.121429777,0.112456509,0.339990985
28,1,FEN_K166,40.6,19.4,13.11,0.118687134,0.08101454,0.261821293
28,1,FEN_K168,16.6,5.5,-0.17,0.043811042,0.021516478,-0.002770856
28,1,FEN_K169,33.2,21.6,23.5,0.078243873,0.072828664,0.233900038
28,1,FEN_K170,3,12.1,-4,0.008250977,0.047840589,-0.073637031
28,1,FEN_K171,34.3,22.9,24.17,0.075693502,0.074160094,0.21646745
28,1,FEN_K172,34.3,19.1,17.39,0.100782901,0.078908613,0.35566313
28,1,FEN_K173,45.1,31.2,18,0.119453377,0.120784931,0.273658681
28,1,FEN_K174,27.7,15.6,11.5,0.075667459,0.062447732,0.18435805
28,1,FEN_K175,51.6,29.7,24.33,0.13350299,0.116399978,0.334168106
28,1,FEN_K176,44.7,25.9,23.39,0.116389673,0.100385868,0.325729175
28,1,FEN_K178,82,49.8,58.33,0.193660678,0.165718202,0.589296445
28,1,FEN_K179,32.7,18.8,7.56,0.092584105,0.078964654,0.154239854
26,1,FEN_K180,41.4,24.1,22,0.098228568,0.083965905,0.238909094
26,1,FEN_K182,27.6,15.8,10.11,0.074444513,0.064656498,0.172160421
26,1,FEN_K183,21.3,14.1,9.33,0.065054468,0.062118777,0.220406349
26,1,FEN_K184,24.8,18.2,12,0.070971011,0.077042701,0.241349253
26,1,FEN_K186,36.9,18.9,16.67,0.088624195,0.069141208,0.196969454
26,1,FEN_K187,52.7,32.5,27.56,0.12535986,0.117277012,0.34554335
26,1,FEN_K189,34.1,21.4,19.56,0.087311303,0.079279088,0.256806925
26,1,FEN_K190,26.5,16.4,5.72,0.062411161,0.057129236,0.066039871
26,1,FEN_K191,53.3,30.2,27.89,0.127483883,0.108316896,0.326351525
26,1,FEN_K192,66.3,32.7,30.5,0.169272524,0.12539987,0.443739105
26,1,FEN_K193,131.7,42.2,40.06,0.286697546,0.141766364,0.449342814
26,1,FEN_K195,41.8,31.8,23.11,0.106630927,0.119124731,0.320950563
26,1,FEN_K196,3.1,5.5,0.56,0.009303779,0.023127157,0.011770685
26,1,FEN_K197,26.9,23.7,17.17,0.073495109,0.095279711,0.273407495
26,1,FEN_K198,20.9,7.8,4.56,0.050038443,0.027143492,0.055601921
26,1,FEN_K199,26.3,5.2,9.61,0.075504881,0.02381679,0.192797953
26,1,FEN_K200,63.1,31.7,24.44,0.172927019,0.123774015,0.442768327
26,1,FEN_K201,45.2,31.2,19.44,0.127374274,0.132701057,0.372063329
26,1,FEN_K202,43.7,25.6,17.22,0.122953478,0.103722156,0.278632743
26,1,FEN_K203,64.1,37.4,37.89,0.15120346,0.132470746,0.411250917
26,1,FEN_K204,30.4,18.1,13.5,0.073805878,0.06627668,0.162931385
26,1,FEN_K205,45.3,22.6,22.17,0.125694505,0.095946175,0.372960074
26,1,FEN_K206,58.8,38,29.94,0.131334462,0.124992328,0.297795324
26,1,FEN_K207,60,32.8,29,0.150730608,0.123407189,0.414994674
26,1,FEN_K208,36.8,14.4,12.39,0.093876361,0.053943405,0.17734442
26,1,FEN_K209,46.3,25.7,27.72,0.112806196,0.091893932,0.315376507
26,1,FEN_K210,35.3,22.1,14.94,0.081837553,0.077436707,0.166084733
26,1,FEN_K211,63.2,40.3,35.17,0.151350852,0.143105524,0.411911772
26,1,FEN_K212,23.8,20.7,13.56,0.06004268,0.07496565,0.17943827
26,1,FEN_K213,86.9,48.6,36,0.231528358,0.188319648,0.551051929
26,1,FEN_K215,46,33.8,21.83,0.134728135,0.141467899,0.429423113
26,1,FEN_K216,91.9,56.4,49.39,0.245409337,0.212773473,0.693312755
26,1,FEN_K218,24.3,19.4,3.72,0.07147812,0.081298546,0.077429816
26,1,FEN_K219,28.2,18.4,18.44,0.079076517,0.076241779,0.285588476
26,1,FEN_K220,73.1,45.4,40.61,0.18792414,0.165631547,0.512032954
26,1,FEN_K223,55.8,33.6,22.11,0.144229121,0.128047696,0.318564847
26,1,FEN_K224,40.6,25.2,17.61,0.117616064,0.101864056,0.310710004
26,1,FEN_K226,88.3,49.7,49.44,0.228150842,0.18746261,0.646710332
26,1,FEN_K227,27.3,23.2,12.17,0.075917511,0.095630395,0.215941531
26,1,FEN_K229,19.3,9.3,3.11,0.052288947,0.036600191,0.055109058
26,1,FEN_K230,103.6,52.3,60.78,0.242437755,0.177281387,0.597766002
26,1,FEN_K231,61.6,32.6,26.67,0.16066347,0.125213529,0.397029659
26,1,FEN_K235,47.3,25.3,31.89,0.118843667,0.094720897,0.38030482
26,1,FEN_K238,50.2,31.6,36.33,0.11742149,0.112079682,0.359016812
26,1,FEN_K239,63.4,33.1,27.33,0.177034907,0.142062326,0.494278488
26,1,FEN_K240,52.8,39.9,29.5,0.129779623,0.145561776,0.368586328
26,1,FEN_K243,46.5,30.7,28.06,0.124635974,0.118404403,0.39818107
26,1,FEN_K244,77.5,45.6,55.44,0.159624499,0.138236697,0.410676962
26,1,FEN_K246,48.2,29.2,23.89,0.130399493,0.113552425,0.394352277
26,1,FEN_K247,66.9,38.4,39.22,0.171584878,0.145665216,0.540517228
26,1,FEN_K248,73.7,46.1,32.67,0.194660782,0.182627441,0.495019786
26,1,FEN_K249,64.8,32.7,26.72,0.162119311,0.122156362,0.369057671
26,1,FEN_K250,46.4,30.3,19.17,0.133694385,0.127743664,0.389976561
26,1,FEN_K251,40.1,24.2,16.78,0.124277196,0.105456551,0.395483962
26,1,FEN_K252,20.4,8.4,12.39,0.055541449,0.034047107,0.204889513
26,1,FEN_K253,33.6,31.4,22.78,0.092730704,0.120203116,0.354607175
26,1,FEN_K254,53.2,31.9,25.61,0.145717746,0.128009787,0.400131596
26,1,FEN_K256,51.2,36.4,25.17,0.148134879,0.152539948,0.473305564
26,1,FEN_K257,47.6,28.9,28.83,0.113758287,0.104904695,0.324562498
26,1,FEN_K258,58.1,33.2,33.17,0.143451935,0.122183243,0.416923132
26,1,FEN_K259,75.2,47.5,40.78,0.189979567,0.175730667,0.529909891
26,1,FEN_K260,52.4,36.1,27.56,0.140408268,0.139050783,0.441978992
26,1,FEN_K261,133.6,48.5,47.33,0.380404097,0.169740247,0.514992234
26,1,FEN_K262,82.5,47.5,50.78,0.202278178,0.170577517,0.550927829
26,1,FEN_K263,38.1,29.6,19.5,0.101832554,0.110090594,0.283160341
26,1,FEN_K264,38.1,21.8,19.5,0.101560426,0.081619659,0.302008581
26,1,FEN_K265,56.5,28.7,22.89,0.152568489,0.112404821,0.341089691
26,1,FEN_K266,78.4,45.6,51.78,0.184289797,0.160389978,0.561716165
26,1,FEN_K267,32.7,27.5,21.94,0.096612121,0.112329019,0.413073467
26,1,FEN_K269,53.3,30.2,32.83,0.127879232,0.105325541,0.365071601
26,1,FEN_K270,35.1,25.9,12.33,0.097504493,0.104227913,0.232582613
26,1,FEN_K271,14.6,8.1,-1.78,0.0372977,0.029193874,-0.026499476
26,1,FEN_K272,65.7,42.4,35.22,0.166214989,0.15337045,0.445228031
24,1,FEN_K273,37.3,27.7,17.94,0.102545247,0.109257571,0.296002517
24,1,FEN_K274,91.9,52.7,53.56,0.195483303,0.174437082,0.493819582
24,1,FEN_K275,95.1,53.6,49.78,0.241261726,0.204863947,0.638123727
24,1,FEN_K276,64.9,42.6,33.67,0.183021228,0.165845715,0.572718953
24,1,FEN_K277,69.7,46.3,36.06,0.177039552,0.172340597,0.494606643
24,1,FEN_K279,41.8,29.1,25.89,0.119758514,0.116078432,0.429122423
24,1,FEN_K280,110.9,63.8,71.94,0.22917659,0.198152747,0.400034356
24,1,FEN_K281,55.9,34.1,27,0.16168391,0.136146368,0.437284985
24,1,FEN_K282,26.3,13.7,21.39,0.069296891,0.053971361,0.302479991
24,1,FEN_K283,73.6,59.4,48.83,0.154162642,0.177951404,0.335501927
24,1,FEN_K284,77.8,45.6,34.33,0.200997556,0.172637414,0.480164132
24,1,FEN_K286,26,20.6,10.44,0.084771976,0.096977529,0.299618504
24,1,FEN_K287,59.3,39.3,30.06,0.157220036,0.150759673,0.449662743
24,1,FEN_K288,91.8,54.7,61.06,0.210208564,0.187381796,0.581270261
24,1,FEN_K290,48.9,34.9,24,0.132173338,0.136115069,0.357134611
24,1,FEN_K291,93.1,49.2,87.11,0.192815213,0.14928565,0.547054868
24,1,FEN_K292,75.8,46.3,45.11,0.190653853,0.169368629,0.545761819
24,1,FEN_K293,67.3,39.3,29.44,0.186563042,0.163166479,0.504688198
24,1,FEN_K294,56.1,31.2,16.89,0.167319307,0.134191086,0.386918316
24,1,FEN_K295,44.9,32.9,24.67,0.122375672,0.129765452,0.38197983
24,1,FEN_K298,100.6,60.1,57.22,0.244722344,0.216306236,0.650453191
24,1,FEN_K303,59.8,35.1,29.44,0.143542475,0.126069548,0.350824341
24,1,FEN_K304,63.1,46.4,33.83,0.174288886,0.189590046,0.553998539
24,1,FEN_K305,NA,NA,NA,NA,NA,NA
24,1,FEN_K307,62.3,25.4,29.39,0.161154843,0.111410092,0.424614945
24,1,FEN_K308,89.7,51.3,54.06,0.202034084,0.168768347,0.471047543
24,1,FEN_K309,83.3,49.4,48.44,0.19939871,0.179072893,0.517413557
24,1,FEN_K310,68,44.1,36.94,0.169409416,0.169682813,0.510811281
24,1,FEN_K311,51.6,28.2,25.06,0.130253272,0.110714298,0.343019644
24,1,FEN_K314,66.8,34.7,39.67,0.163005731,0.131414487,0.456655585
24,1,FEN_K315,71.5,42.1,44.17,0.160183913,0.142033663,0.393661946
24,1,FEN_K317,62.4,30.4,42.44,0.144177074,0.10570666,0.419243906
24,1,FEN_K320,89,59.1,47.33,0.205029303,0.207041825,0.507296327
24,1,FEN_K321,60.1,36.6,34.28,0.151542252,0.134557082,0.41370248
24,1,FEN_K324,57.6,27.1,36.94,0.128557161,0.088786899,0.331143589
24,1,FEN_K325,40.8,27.8,25.89,0.091340866,0.091159381,0.234574803
24,1,FEN_K330,84.4,54,53.22,0.199509184,0.187321778,0.582427997
24,1,FEN_K331,61.9,35.9,29,0.159326677,0.134398417,0.393796543
24,1,FEN_K332,99.6,60.9,91,0.205614423,0.187277258,0.587776428
24,1,FEN_K333,79.4,52.8,56,0.191152416,0.188343248,0.601659428
24,1,FEN_K334,61,33.4,33.44,0.152656893,0.127388623,0.409689667
24,1,FEN_K335,60.1,29.2,27.22,0.159652407,0.116046144,0.40415851
24,1,FEN_K336,46.6,33.4,24.39,0.133991821,0.134865681,0.442074316
24,1,FEN_K337,52.1,36.1,21.33,0.14884284,0.147474267,0.394730937
24,1,FEN_K338,98.4,57.9,53.17,0.234573707,0.202377702,0.434826911
24,1,FEN_K340,91.4,51.3,60.89,0.199215064,0.166951354,0.531839904
24,1,FEN_K343,45.3,26.9,22.56,0.116206993,0.098789684,0.31281566
24,1,FEN_K345,82.1,48.1,49.28,0.18586126,0.162989563,0.483611532
24,1,FEN_K346,112.5,70.9,62.11,0.25532101,0.240952658,0.437274316
24,1,FEN_K347,78.6,42.2,23.44,0.176891974,0.139875202,0.259153494
24,1,FEN_K348,86.4,58.3,49.39,0.207606303,0.214676063,0.565503706
26,1,FEN_K349,30.9,19.2,9.39,0.087387214,0.080976628,0.196200001
24,1,FEN_K350,71.3,35.6,39.11,0.181058945,0.132656268,0.547715575
24,1,FEN_K351,71.4,37.4,26.89,0.18389153,0.145170647,0.416196031
24,1,FEN_K352,80.3,51,43,0.198681438,0.181752269,0.581308612
24,1,FEN_K353,55.7,30.7,24.17,0.143045932,0.114447914,0.370364203
24,1,FEN_K355,72.7,50.3,43.78,0.178746154,0.1775699,0.540392546
24,1,FEN_K356,92.4,62.4,81.5,0.212702634,0.213109512,0.709666818
24,1,FEN_K357,62.1,41.3,26.67,0.156456237,0.157674932,0.352843633
24,1,FEN_K358,43.1,31.6,33.28,0.114472863,0.118143932,0.441809435
24,1,FEN_K359,59.7,32,22.11,0.156121899,0.129511644,0.353181182
24,1,FEN_K360,96.1,60.4,48.83,0.248756496,0.235217402,0.688839659
24,1,FEN_K362,91.3,56.9,57.72,0.205349027,0.192748753,0.46125139
22,1,FEN_K363,79.1,54.2,46.89,0.182277992,0.188803732,0.535088703
22,1,FEN_K364,52.1,28.3,23.89,0.126232828,0.100676219,0.284136972
22,1,FEN_K365,76.1,74.4,36,0.193037378,0.252861107,0.520103985
22,1,FEN_K366,60.1,42.2,28.67,0.152828987,0.166092318,0.398469296
22,1,FEN_K367,43.7,22.2,14.17,0.114505203,0.091106509,0.232378596
22,1,FEN_K368,73.2,47.3,43,0.178689552,0.17403273,0.493429259
22,1,FEN_K371,16.3,12.4,5.33,0.053470527,0.055453138,0.146159676
22,1,FEN_K372,36.5,13.6,21.83,0.079232521,0.045494293,0.194759212
22,1,FEN_K373,86.6,48.8,40.72,0.214465081,0.175826707,0.507464075
22,1,FEN_K374,91.4,51.7,47.17,0.222534123,0.187923196,0.545861229
22,1,FEN_K376,61.6,39.9,27.78,0.148071691,0.1456687,0.342306704
22,1,FEN_K378,105.3,38.2,30.67,0.286595363,0.131055666,0.340365398
22,1,FEN_K379,59,39.5,33.67,0.152782757,0.146409985,0.462830949
22,1,FEN_K380,71.4,39.2,43.06,0.165297972,0.136800597,0.442218201
22,1,FEN_K381,52.6,32.3,17.83,0.137417378,0.12705602,0.327938775
22,1,FEN_K383,92.3,47.6,64.61,0.197852365,0.15582125,0.511788914
22,1,FEN_K384,30.2,15.6,7.17,0.091246267,0.070673902,0.176479391
22,1,FEN_K386,67.1,43.8,37.17,0.1612932,0.156660428,0.441043015
22,1,FEN_K387,36.7,26.5,15,0.103144223,0.108752584,0.292273942
22,1,FEN_K390,33.7,25.1,11.89,0.08824414,0.095460237,0.160257232
22,1,FEN_K391,81.1,51,43,0.197631923,0.178291047,0.522331252
22,1,FEN_K392,57.6,31.5,24.72,0.153721612,0.119665835,0.407598423
22,1,FEN_K393,76.2,47.8,34.22,0.202371862,0.186266944,0.525568518
22,1,FEN_K394,55.4,31,24.39,0.133610867,0.111927986,0.287727892
22,1,FEN_K395,28.5,17.6,7,0.069765171,0.061802873,0.086380502
22,1,FEN_K396,60.7,39.3,24.22,0.169018182,0.158526255,0.45300887
22,1,FEN_K399,50.1,31.8,40.33,0.104531749,0.099387164,0.32132974
22,1,FEN_K400,87.4,48.7,45.11,0.213291348,0.172308294,0.525838408
22,1,FEN_K401,49.9,31.2,33.33,0.112478809,0.103340583,0.323612576
22,1,FEN_K402,82.1,42.7,50.06,0.194188368,0.146985264,0.545934901
22,1,FEN_K403,76.1,49.2,43.17,0.192122279,0.182453503,0.524326656
22,1,FEN_K404,17.1,6.7,5.94,0.042756134,0.025530303,0.081858355
22,1,FEN_K405,112.9,54.9,75.72,0.2513303,0.181356139,0.65785753
22,1,FEN_K406,63.5,32.6,62.11,0.128451591,0.096026619,0.370062616
22,1,FEN_K407,55.1,28.9,35.72,0.120750548,0.093909474,0.307691906
22,1,FEN_K409,51.8,29.4,32.11,0.13453804,0.113379007,0.445503428
22,1,FEN_K410,80.9,37.3,44.72,0.189807553,0.133545501,0.500910253
22,1,FEN_K411,62.2,37.3,23.61,0.162942349,0.148008712,0.378029034
22,1,FEN_K412,39.2,27.4,13.89,0.120007985,0.120684558,0.352631344
22,1,FEN_K413,62.4,37.1,22,0.181150347,0.158517396,0.485065867
22,1,FEN_K414,99.2,59.3,43.56,0.251800037,0.218614019,0.607520075
22,1,FEN_K415,88,51.8,40.39,0.235022363,0.193299615,0.555636135
22,1,FEN_K417,80.3,44.1,33.83,0.210259424,0.169419769,0.538710336
22,1,FEN_K418,64.9,36.8,40.83,0.154170759,0.132635689,0.446358417
22,1,FEN_K419,85.2,47.3,51.5,0.19559452,0.157309906,0.499017925
22,1,FEN_K421,20.2,13,19.44,0.059448996,0.055721183,0.329682862
22,1,FEN_K423,65.3,41.8,30.5,0.168107982,0.156862981,0.428011879
22,1,FEN_K425,113.8,72.8,58.56,0.268261727,0.253101649,0.657650054
22,1,FEN_K426,81.7,56.3,55.78,0.200314317,0.202325368,0.586335297
22,1,FEN_K427,50.3,28.6,19.72,0.13196708,0.112784555,0.294407358
22,1,FEN_K428,62.6,42.5,29.11,0.172655557,0.16945196,0.46911131
22,1,FEN_K429,84.7,51.1,34.11,0.207853013,0.188286114,0.477368188
22,1,FEN_K430,56.4,43.6,34.17,0.137245137,0.155464253,0.394341241
22,1,FEN_K431,26.2,14.1,5.5,0.071563126,0.056191477,0.099633849
22,1,FEN_K432,72.4,38.4,32.11,0.192629909,0.14725538,0.494242165
22,1,FEN_K438,56.3,32.7,22.72,0.148344632,0.128263187,0.332076109
22,1,FEN_K439,77.9,47.8,29.67,0.192479724,0.180076141,0.416707287
22,1,FEN_K440,92.7,51.7,47.44,0.224428834,0.180510147,0.541138648
22,1,FEN_K441,135.4,86.5,105.67,0.286337975,0.268378273,0.794697365
22,1,FEN_K443,94.5,60.1,51.78,0.229078943,0.216780235,0.632664592
22,1,FEN_K444,124.4,74.8,96,0.247597352,0.220809071,0.634965913
22,1,FEN_K445,160.6,85.7,111.61,0.336378439,0.269018751,0.900603872
22,1,FEN_K446,85.6,46.2,61.72,0.188780839,0.160102421,0.542107932
22,1,FEN_K447,80.8,41.9,43.94,0.179293476,0.133236695,0.403515958
22,1,FEN_K448,85.1,46.9,36.17,0.219202751,0.179881709,0.529060573
22,1,FEN_K449,36.1,21.6,5.72,0.087235483,0.074543806,0.076365481
22,1,FEN_K450,74.5,45.8,33.17,0.197993081,0.18285955,0.503259008
22,1,FEN_K451,69.8,46.1,26,0.19381838,0.184513065,0.482798804
22,1,FEN_K452,102.7,64.5,58.94,0.226771757,0.211843775,0.56333678
20,1,FEN_K454,80.4,42.7,45.67,0.190140849,0.152464914,0.504233421
20,1,FEN_K455,50.5,33.1,18.06,0.13671269,0.131866607,0.300463555
20,1,FEN_K456,34.9,17.9,11.11,0.096433542,0.074805464,0.199471076
20,1,FEN_K457,46.4,27.6,18.83,0.11569165,0.101739779,0.244878767
20,1,FEN_K458,76,44.8,72.39,0.189947839,0.165775386,0.733294229
20,1,FEN_K459,71.8,44.4,35.5,0.192623182,0.177608856,0.56900988
20,1,FEN_K461,101.9,55.9,69.11,0.223754859,0.181334131,0.645826692
20,1,FEN_K462,99.9,57.7,70.67,0.2218608,0.197013612,0.648970566
20,1,FEN_K463,67.5,37.8,42.78,0.143606117,0.123076441,0.359549933
20,1,FEN_K464,55.3,32.6,16.89,0.166061561,0.143836594,0.416836441
20,1,FEN_K466,56.1,35,23.72,0.149726382,0.136072725,0.378688652
20,1,FEN_K467,66.8,32.4,23.78,0.17627509,0.129121885,0.397144967
20,1,FEN_K468,26.9,20.6,9.56,0.071827411,0.080891331,0.147645645
20,1,FEN_K469,76.6,46.6,31.44,0.196321234,0.178814874,0.463728192
20,1,FEN_K470,62.2,38.1,34.94,0.153927562,0.138648991,0.436400278
20,1,FEN_K472,90.8,50.8,56.17,0.203573428,0.161823714,0.505613463
20,1,FEN_K476,27.2,13.8,8.78,0.089720501,0.065004046,0.265403153
20,1,FEN_K477,22.2,14,4.83,0.080003462,0.072117562,0.21036325
20,1,FEN_K478,67.7,37.7,26.22,0.17210949,0.141624649,0.381007481
20,1,FEN_K479,89.7,47,46.39,0.207909095,0.159386788,0.486604507
20,1,FEN_K481,90.1,56.7,59.44,0.213722829,0.202466513,0.671917928
20,1,FEN_K482,77.9,45.3,41.06,0.182922087,0.152663215,0.459145088
20,1,FEN_K483,110.9,51.3,93.44,0.209284021,0.14578571,0.499819275
20,1,FEN_K484,40.7,27.6,17.67,0.095360152,0.091741514,0.191638014
20,1,FEN_K485,50.8,52.9,24.22,0.120458707,0.170571875,0.265982182
20,1,FEN_K486,80.6,46.5,47.44,0.171329373,0.151291899,0.398217672
20,1,FEN_K487,89.9,47.1,57.39,0.1882729,0.149463658,0.466962804
20,1,FEN_K488,80.9,42.7,59.89,0.167904567,0.131764556,0.448876822
20,1,FEN_K489,16.3,4.8,4.44,0.046382548,0.020264239,0.092420948
20,1,FEN_K490,90.7,48.7,48.44,0.189471252,0.151898912,0.410989665
20,1,FEN_K491,99.9,58.2,66.11,0.213279082,0.190356957,0.547839936
20,1,FEN_K492,100.6,58,51.72,0.23842653,0.209135128,0.577045483
20,1,FEN_K493,80.1,50.4,40.72,0.19013392,0.18097344,0.477016763
20,1,FEN_K495,91.5,51.1,59.89,0.203224723,0.163425877,0.496700872
20,1,FEN_K496,110.3,65.9,78,0.226101209,0.200507487,0.583712601
20,1,FEN_K497,47.7,35.4,37.33,0.11612523,0.129757391,0.420410157
20,1,FEN_K498,47.4,23.7,27.89,0.111734276,0.085546216,0.316821385
20,1,FEN_K500,64.7,40.6,50.28,0.129629353,0.122205744,0.377563986
20,1,FEN_K501,73.8,41.3,33.33,0.186144085,0.156891675,0.438031867
20,1,FEN_K502,67.2,33,22.44,0.174875001,0.131616526,0.348506624
20,1,FEN_K503,36.9,28.9,13.06,0.091756631,0.110203637,0.184134938
20,1,FEN_K504,96.3,56.2,65.17,0.217378041,0.183871674,0.563739336
20,1,FEN_K505,75.8,54.3,47.06,0.186859275,0.194399867,0.529792461
20,1,FEN_K506,88.9,50.1,52.94,0.213171705,0.17404476,0.53005172
20,1,FEN_K507,58.2,30,23.22,0.150735521,0.118841005,0.363783907
20,1,FEN_K508,90.7,46.3,53.72,0.204431298,0.154091252,0.511475661
20,1,FEN_K509,40.6,27.1,13.67,0.121474099,0.115982557,0.293129301
20,1,FEN_K510,70.4,39.5,33.94,0.16491454,0.138219463,0.39015116
20,1,FEN_K511,73.7,43.4,42.22,0.17533467,0.152482864,0.480977735
20,1,FEN_K512,68.7,49.4,38,0.1651264,0.165990866,0.424155105
20,1,FEN_K515,46.4,24.2,4.78,0.126827773,0.096360787,0.087205536
20,1,FEN_K516,87.8,51.4,51,0.207366988,0.179769403,0.57412005
20,1,FEN_K517,130.7,77.3,74.94,0.311125601,0.2657175,0.78792253
20,1,FEN_K518,78.2,43.1,42.83,0.17714771,0.147293993,0.430392327
20,1,FEN_K519,43,26,16.67,0.128546653,0.112256465,0.38415815
20,1,FEN_K520,97.1,59.4,65.89,0.220692726,0.207412803,0.629733248
20,1,FEN_K521,103.8,64.6,67.17,0.229705287,0.215944203,0.625768878
20,1,FEN_K522,59.3,34,23.17,0.156388117,0.129915555,0.366118986
20,1,FEN_K523,120.3,78.9,77.56,0.271652709,0.256672581,0.708597991
20,1,FEN_K524,86.8,49.1,39.39,0.220388119,0.186499079,0.537981739
20,1,FEN_K525,90.4,50.3,49.61,0.219604681,0.183896015,0.564986836
20,1,FEN_K526,37.7,26.8,22.89,0.100450075,0.104127847,0.308888415
20,1,FEN_K527,88.8,54.3,49.17,0.209894941,0.191149754,0.525414376
20,1,FEN_K528,98.4,52.4,52.33,0.222676091,0.188456438,0.549367458
20,1,FEN_K529,36.9,19,12.11,0.098055069,0.073866391,0.196099334
20,1,FEN_K530,30.9,15,4.39,0.085781991,0.062125063,0.095960643
20,1,FEN_K531,80.9,46.8,37.89,0.203112199,0.174347745,0.477334868
20,1,FEN_K532,100.7,63.2,61.44,0.233197305,0.224608811,0.667237386
20,1,FEN_K535,102.9,68.2,77.28,0.23349821,0.224731836,0.67891821
22,1,FEN_K536,31.9,17.7,10.33,0.074011676,0.060375729,0.112457631
20,1,FEN_K537,71.2,40.1,32.56,0.184700968,0.155149313,0.459799805
20,1,FEN_K538,80.6,55.8,47,0.198333412,0.209586192,0.560853849
20,1,FEN_K539,63.1,45.4,42.22,0.160561,0.165456431,0.497913222
20,1,FEN_K540,79.4,47.6,37.83,0.213826047,0.181668175,0.583917154
20,1,FEN_K541,101.3,60.3,41.28,0.272867816,0.234041011,0.660954354
20,1,FEN_K543,103.2,62,63.56,0.230567915,0.216415206,0.598924234
20,1,FEN_K544,92.4,48.6,43.17,0.22481386,0.184176882,0.562797982
20,1,FEN_K545,69.7,40,24.11,0.206232045,0.179724919,0.509434741
18,1,FEN_K546,72,46.2,47.56,0.165867925,0.163529181,0.501953623
18,1,FEN_K547,94.1,52.9,41,0.231038176,0.1953211,0.552708686
18,1,FEN_K548,72.7,41.9,35.89,0.160749003,0.137818297,0.340765267
18,1,FEN_K549,80.2,54.9,35.56,0.201387553,0.21304789,0.511142897
18,1,FEN_K550,47.4,30.8,16.83,0.127138009,0.121612091,0.294190754
18,1,FEN_K551,60.4,32.6,25.56,0.155760034,0.126086511,0.365626752
18,1,FEN_K552,67.2,43.6,30,0.174599992,0.167295528,0.452670941
18,1,FEN_K553,51.2,24,15.67,0.148492249,0.099026795,0.334813356
18,1,FEN_K554,38.7,21.1,25.83,0.108441033,0.087415909,0.443980764
18,1,FEN_K556,78.9,50.9,39.22,0.193839927,0.191110946,0.508107988
18,1,FEN_K557,67.2,37.6,23.17,0.186014525,0.154335544,0.400341431
18,1,FEN_K558,88.6,48,40.33,0.225084265,0.192844082,0.583163466
18,1,FEN_K560,68.8,38.3,35.56,0.163142183,0.132089748,0.368893347
18,1,FEN_K561,20.1,22.8,14.11,0.053075964,0.086451506,0.196664318
18,1,FEN_K562,78.5,45.4,38.67,0.186996446,0.174340857,0.475640207
18,1,FEN_K563,68.8,37.3,33.89,0.179903599,0.152016537,0.489150908
18,1,FEN_K564,57.1,34,23.06,0.151534534,0.137798937,0.374672928
18,1,FEN_K565,68.2,40.3,31.22,0.156788555,0.137278534,0.340300224
18,1,FEN_K566,41,22.2,9.61,0.120671564,0.096065399,0.212637325
18,1,FEN_K567,66.2,35.4,26.5,0.179631608,0.144758544,0.430178039
18,1,FEN_K570,74.3,77,63.72,0.188508324,0.260214412,0.676543053
18,1,FEN_K571,50.8,28,20.39,0.141854292,0.11375612,0.361015725
18,1,FEN_K573,67.8,43.4,37.39,0.165604932,0.151243844,0.444525388
18,1,FEN_K574,94.8,57.6,57.67,0.221051838,0.203706576,0.608207507
18,1,FEN_K576,63.1,38.6,26,0.164264155,0.152212904,0.379815798
18,1,FEN_K577,102.6,64.7,68,0.22581151,0.21343361,0.596760549
18,1,FEN_K578,56.3,27.3,40,0.140231174,0.102818106,0.454846938
18,1,FEN_K579,33.8,23.5,11.28,0.096034732,0.10020701,0.214825119
18,1,FEN_K580,58.3,38.8,28.44,0.154080816,0.14394416,0.413098908
18,1,FEN_K581,61.8,32.9,21.33,0.155062247,0.128133026,0.290105212
18,1,FEN_K582,40.3,21.7,12.17,0.121270307,0.095612788,0.29037081
18,1,FEN_K583,63.9,27.6,21.78,0.174596851,0.114142826,0.393044263
18,1,FEN_K584,84.6,57.3,39.61,0.213674895,0.222074685,0.575743763
18,1,FEN_K585,62.6,39.3,25.17,0.162882677,0.147892415,0.363700495
18,1,FEN_K586,57.7,16.5,31.39,0.148871207,0.065305378,0.437282346
18,1,FEN_K587,63.2,30.6,30.72,0.15341515,0.111341319,0.35634772
18,1,FEN_K588,69.4,37.3,29,0.175102927,0.144039837,0.41190887
18,1,FEN_K589,70.7,25.8,23.5,0.185394472,0.108729769,0.379264378
18,1,FEN_K590,79.8,41.7,53.28,0.173745867,0.134806537,0.452213141
18,1,FEN_K591,79.2,39.2,32,0.203363475,0.155486064,0.465635821
18,1,FEN_K592,36.7,18.1,33.5,0.093615353,0.069215772,0.377854926
18,1,FEN_K593,93,55.6,59.83,0.217930399,0.195663463,0.58694836
18,1,FEN_K594,65.8,31.3,34.39,0.149589166,0.107653415,0.349384169
18,1,FEN_K595,118.9,70.2,75,0.269390162,0.238205017,0.734233363
18,1,FEN_K596,95,49.6,59.78,0.216819413,0.16973837,0.58724367
18,1,FEN_K597,39.3,15.4,16.5,0.110274676,0.062568863,0.289130268
18,1,FEN_K598,83.7,30.4,44.28,0.192935791,0.107685846,0.461235233
18,1,FEN_K599,90.8,48.8,55.5,0.20810509,0.170577306,0.57524809
18,1,FEN_K600,71,43.8,42.44,0.161655562,0.145937113,0.432706512
18,1,FEN_K602,114.7,64.9,69.39,0.265839539,0.22766028,0.720425173
18,1,FEN_K604,71.2,35.8,30,0.174901883,0.126747195,0.406871052
18,1,FEN_K605,93.2,59.5,52.67,0.226983291,0.211320154,0.595879679
18,1,FEN_K606,90.4,47.8,35.94,0.214282631,0.17135941,0.339166836
18,1,FEN_K607,88,47.5,31.72,0.175566185,0.143674062,0.172805054
18,1,FEN_K608,65.4,38.9,36.94,0.16201476,0.144542842,0.411968734
18,1,FEN_K609,43.7,28.7,19,0.113816336,0.104282877,0.288640208
18,1,FEN_K612,67.1,39,27.28,0.164154138,0.140123421,0.300252939
18,1,FEN_K613,35.7,15.8,11.89,0.09418348,0.062231175,0.183435864
18,1,FEN_K614,124.3,75.7,59.72,0.317085641,0.275764072,0.599860858
18,1,FEN_K615,77.7,42,NA,0.17818777,0.140890422,NA
18,1,FEN_K616,130.7,77,72.94,0.295066062,0.265050765,0.631727223
18,1,FEN_K619,48.1,29.1,25.39,0.12968048,0.117668328,0.397002671
18,1,FEN_K620,98.7,60.7,NA,0.218779538,0.200355587,NA
18,1,FEN_K622,23.2,17.1,7.11,0.067027196,0.07112693,0.127771531
18,1,FEN_K623,40.2,25.4,4.33,0.11382637,0.103230886,0.083169029
18,1,FEN_K624,78.1,41.9,21.28,0.166443538,0.134180172,0.129342218
18,1,FEN_K625,68.2,38.3,41.22,0.161115629,0.135839654,0.422160016
18,1,FEN_K626,83.7,49.1,45.44,0.190997939,0.168797544,0.4699462
18,1,FEN_K627,108.4,60.8,66.72,0.241333087,0.203651792,0.644040347
18,1,FEN_K628,108.9,70.2,58.78,0.266762157,0.249581304,0.684205624
18,1,FEN_K629,86.2,51.3,48.11,0.187092804,0.16844337,0.423704619
18,1,FEN_K630,81.2,45.7,39.89,0.208715447,0.172915934,0.531411741
18,1,FEN_K631,24.1,9.1,1.72,0.071880732,0.039908182,0.03992963
18,1,FEN_K632,77.6,47.9,37.89,0.184219589,0.171654589,0.466723108
18,1,FEN_K633,98.3,54.8,57.44,0.224684445,0.191076696,0.571045443
18,1,FEN_K635,71.1,42.5,38.33,0.175874448,0.154954422,0.485621277
16,1,FEN_K637,73.5,46.9,46.39,0.161413857,0.157077491,0.419644647
16,1,FEN_K638,86.6,42.4,58.94,0.179108148,0.137125402,0.465887083
16,1,FEN_K640,55,32.4,33.56,0.139547904,0.118643567,0.421458394
16,1,FEN_K643,72.8,42.1,45.72,0.169656472,0.150671824,0.483009956
16,1,FEN_K644,44.2,24.9,15.67,0.12442397,0.100634134,0.287518801
16,1,FEN_K647,74.6,46.8,57.67,0.157012828,0.14261485,0.445884373
16,1,FEN_K649,57.9,30.3,38.67,0.127955075,0.09873943,0.331740293
16,1,FEN_K650,38.2,19.9,11.28,0.116915687,0.089169051,0.258875032
16,1,FEN_K651,91.2,46.4,49.33,0.225371231,0.167678964,0.568653946
16,1,FEN_K652,58.1,NA,33.89,0.132212674,NA,0.339174953
16,1,FEN_K655,85,45,50.83,0.205767091,0.162084207,0.554573946
16,1,FEN_K656,75.2,35.9,45.44,0.173935016,0.124270373,0.446036476
16,1,FEN_K658,76.8,36.3,31.61,0.196191308,0.141090798,0.463944765
16,1,FEN_K660,50.2,27.6,27.06,0.114930844,0.094123876,0.292094563
16,1,FEN_K662,46.2,26,6.5,0.116258996,0.09571901,0.091433901
16,1,FEN_K667,73.3,35.4,31.06,0.20296118,0.143541715,0.51144763
16,1,FEN_K668,40.8,20.3,17.06,0.115409812,0.082271727,0.318245597
16,1,FEN_K669,16.7,4.8,0.78,0.056860258,0.023321031,0.025256874
16,1,FEN_K670,7.7,1.3,0.56,0.022260428,0.00536341,0.011598658
16,1,FEN_K672,27.3,16.4,9.17,0.074224457,0.062664163,0.160953701
16,1,FEN_K674,105.4,56.2,60.44,0.248379566,0.196332858,0.652081349
16,1,FEN_K675,37.1,14.4,20.39,0.096133505,0.056111899,0.289771329
16,1,FEN_K676,86.2,48.7,38.11,0.230263982,0.201157321,0.608188926
16,1,FEN_K677,86.5,47.4,46.44,0.180493372,0.15228435,0.294083777
16,1,FEN_K678,82.1,36.6,49.22,0.190232458,0.130026813,0.521600414
16,1,FEN_K679,77.8,39.1,39.56,0.191218151,0.145467134,0.489303219
16,1,FEN_K680,NA,43.1,74.5,0.370484722,0.14200334,NA
16,1,FEN_K681,7.6,4.8,0.61,0.023740119,0.022050785,0.015650487
16,1,FEN_K682,30.2,21.1,22.28,0.072383682,0.072450385,0.236924031
16,1,FEN_K683,85.4,44.9,62.17,0.1950747,0.154193254,0.605419353
16,1,FEN_K684,18.3,32.6,3.11,0.048097812,0.124158541,0.044531856
16,1,FEN_K685,43.2,23.2,12.78,0.118273732,0.094923358,0.234920473
16,1,FEN_K686,58.1,29.6,23.39,0.163309614,0.118824339,0.403071439
16,1,FEN_K687,55.9,31.2,22.94,0.154443617,0.130253801,0.401226653
16,1,FEN_K688,60.9,36.8,33.72,0.150518167,0.13914123,0.429714279
16,1,FEN_K689,72.4,38.7,31.94,0.192733516,0.151813295,0.467977544
16,1,FEN_K690,NA,51.9,63,NA,0.172669161,0.620992241
16,1,FEN_K692,54.9,37.2,29.33,0.147704199,0.146469399,0.429266852
16,1,FEN_K693,42.9,21.3,20.5,0.105617448,0.075395099,0.220110919
16,1,FEN_K694,79.6,52.1,65.83,0.17869434,0.168352947,0.542475098
16,1,FEN_K695,42.9,19.2,15.61,0.121503413,0.076958534,0.273877924
16,1,FEN_K699,77.5,53.4,49.06,0.185014669,0.189304551,0.533878289
16,1,FEN_K700,62.3,34.6,32.44,0.154746121,0.126238996,0.391862826
16,1,FEN_K701,47.7,20.3,32.39,0.113627876,0.069821984,0.338410994
16,1,FEN_K705,99.8,51.6,49.89,0.197268535,0.156501948,0.285451628
16,1,FEN_K706,42.3,21.5,11.83,0.111705383,0.084359882,0.187978229
16,1,FEN_K711,103.8,NA,NA,0.213876937,NA,NA
16,1,FEN_K712,51.8,26.9,21,0.136279898,0.10642565,0.323187401
16,1,FEN_K714,102.3,56.3,65.83,0.245139924,0.199192405,0.688535516
16,1,FEN_K718,98,60.7,62.11,0.235470494,0.220528114,0.688268122
16,1,FEN_K722,33.9,18.9,8.94,0.101168467,0.081072829,0.189528349
16,1,FEN_K723,76.6,51.8,37.22,0.189356356,0.191139772,0.534748449
13,1,FEN_K724,36.8,19.4,17.67,0.101879739,0.080609643,0.307017163
13,1,FEN_K727,35.7,22.9,13.06,0.110410316,0.104960788,0.313451943
13,1,FEN_K729,56.6,35.1,34.17,0.140385627,0.125574035,0.398176275
10,1,FEN_K730,68.6,39.2,42.72,0.158226361,0.137309938,0.441769247
13,1,FEN_K732,69.8,37.8,38.39,0.161124049,0.131235431,0.397548009
13,1,FEN_K734,52.5,39.1,35.5,0.121069508,0.130588174,0.355477131
13,1,FEN_K735,77.7,45.9,46.83,0.192351626,0.168451471,0.576109587
13,1,FEN_K737,47.8,30.6,31.17,0.113638895,0.106345597,0.347674478
13,1,FEN_K740,69.8,41.2,35.72,0.173083848,0.154516246,0.476894864
13,1,FEN_K742,40.4,18.8,17.56,0.104060089,0.072324194,0.262172338
13,1,FEN_K743,73.2,39.9,48.61,0.178793679,0.142192478,0.541619764
13,1,FEN_K744,62,42.7,32.22,0.15379703,0.164732952,0.417372433
13,1,FEN_K748,52.9,38.7,22.61,0.141666066,0.152113345,0.360840136
13,1,FEN_K750,58.8,30.3,30.83,0.150281468,0.118002429,0.449822776
13,1,FEN_K753,82.6,43.6,44.67,0.210374475,0.160833637,0.591641814
13,1,FEN_K754,19.5,0.7,11.78,0.045116697,0.002452788,0.110538897
13,1,FEN_K758,42.1,23.8,19,0.120133778,0.101855382,0.340728179
13,1,FEN_K759,61.9,36.3,43.11,0.144232016,0.127462711,0.447947054
13,1,FEN_K760,67.4,34.9,45.11,0.152928771,0.118514719,0.427412126
13,1,FEN_K761,NA,NA,NA,NA,NA,NA
13,1,FEN_K762,57.3,37.9,29.67,0.146771222,0.146627842,0.422304455
13,1,FEN_K763,44.7,23.4,21.28,0.123384802,0.099606839,0.38800575
13,1,FEN_K765,45.3,23.9,21.67,0.119474705,0.094127391,0.322300569
13,1,FEN_K766,51.3,31,32,0.130956852,0.116618242,0.443144377
13,1,FEN_K767,59.6,34.1,26.17,0.152687813,0.128664826,0.355249754
13,1,FEN_K768,NA,NA,NA,NA,NA,NA
13,1,FEN_K769,72.7,37.4,54.17,0.155184697,0.126620863,0.469962596
13,1,FEN_K770,46,21.9,27.33,0.108682549,0.07901179,0.304850576
13,1,FEN_K771,64.1,38.9,42.83,0.151455269,0.141457195,0.48444614
13,1,FEN_K772,74.1,33.8,52.28,0.159927635,0.108141135,0.445572719
13,1,FEN_K773,21.9,10.3,6.94,0.059599747,0.042272296,0.125772393
13,1,FEN_K774,70.3,44.4,49.22,0.155549848,0.151115686,0.441480392
13,1,FEN_K775,46.4,26.3,22.22,0.123274794,0.105959348,0.373640485
13,1,FEN_K776,100.3,67.4,NA,0.215123722,0.213895759,NA
13,1,FEN_K777,60.4,34.6,34.5,0.150002994,0.129464162,0.455418225
13,1,FEN_K778,12.3,7.1,3.33,0.035136232,0.030152905,0.069973561
13,1,FEN_K779,46.4,21.6,19.61,0.129924623,0.090086604,0.382735998
13,1,FEN_K780,60.6,39.4,39.5,0.142070317,0.13912409,0.408779087
13,1,FEN_K781,42.7,26.1,22.83,0.11148372,0.100273469,0.33787244
13,1,FEN_K782,81.7,45.6,54.22,0.201427554,0.161360654,0.593414642
13,1,FEN_K784,82.7,43.8,59.5,0.177942239,0.138420948,0.464582236
13,1,FEN_K785,69,41.8,44.39,0.151354375,0.134628837,0.402558088
13,1,FEN_K786,78.8,45.5,NA,0.150084595,0.134856807,NA
13,1,FEN_K787,62.8,35.5,42.28,0.139463225,0.120013293,0.371372329
13,1,FEN_K788,49.9,29.6,38.39,0.111696358,0.097794837,0.348805466
13,1,FEN_K794,89.5,48.3,61.11,0.206087632,0.166882201,0.571491819
13,1,FEN_K795,54.9,28.3,34.17,0.137563561,0.104744619,0.445556436
13,1,FEN_K800,52.3,26.3,22.89,0.134013396,0.099978662,0.349148393
13,1,FEN_K801,78.7,41.1,42.83,0.19349411,0.154788551,0.541623998
13,1,FEN_K804,55.8,29.2,29.94,0.139146916,0.108171533,0.379498247
13,1,FEN_K807,67.1,36,43.61,0.160982472,0.125443528,0.487945686
13,1,FEN_K808,68.4,46.2,44.39,0.169182752,0.170211221,0.51389693
13,1,FEN_K809,76.4,42.8,43.78,0.185213459,0.1588684,0.523656789
13,1,FEN_K811,68,43.4,47.72,0.165261027,0.154281199,0.528226798
13,1,FEN_K813,50.9,29.7,27.56,0.137778249,0.113469565,0.441978992
13,1,FEN_K815,64.3,36.6,35.33,0.159543768,0.130445684,0.42208444
13,1,FEN_K817,53.7,27.3,43.11,0.10836699,0.082780796,0.305844034
10,1,FEN_K818,57.6,31.2,40.22,0.133065928,0.107194585,0.399429767
10,1,FEN_K819,39.8,28.8,21.72,0.113055306,0.119622681,0.391588022
16,1,FEN_K826,41.3,19.4,21.78,0.094349426,0.066789043,0.230085144
10,1,FEN_K827,53.8,40.1,26.67,0.148179236,0.157171552,0.457045129
10,1,FEN_K831,46,24.9,26.06,0.114063446,0.092085072,0.358674156
10,1,FEN_K832,54.9,28.2,23.61,0.142402231,0.10655463,0.336742113
10,1,FEN_K833,50.8,24.5,42.78,0.10830247,0.077967271,0.340054917
10,1,FEN_K835,47.8,27.7,29.39,0.113611778,0.10015226,0.335079838
10,1,FEN_K838,49.7,23.6,31.83,0.121534657,0.08520473,0.355623729
10,1,FEN_K840,26.2,14.7,17,0.066416082,0.054743201,0.224054589
10,1,FEN_K841,44.8,20.7,25.56,0.111386452,0.076099157,0.306812674
10,1,FEN_K843,46.4,30.6,25.5,0.111109086,0.108698476,0.308964843
10,1,FEN_K844,23.9,27.6,15.67,0.063216123,0.103737139,0.227580815
10,1,FEN_K846,52.5,30.8,33.72,0.122746295,0.104001377,0.343248184
10,1,FEN_K847,46,22.4,31.06,0.102903058,0.074930053,0.296398353
10,1,FEN_K848,52.4,30.9,26.72,0.135556545,0.114441835,0.394558424
10,1,FEN_K849,48.7,30.2,32.11,0.12396864,0.113329421,0.393436143
10,1,FEN_K850,53.1,36.1,40.89,0.128925212,0.136096487,0.490548316
10,1,FEN_K851,20.6,15.8,8.22,0.057200377,0.067221374,0.151522496
10,1,FEN_K852,59.7,38.7,35.22,0.151112748,0.145555874,0.447016262
10,1,FEN_K853,55.7,31.8,24.06,0.145273825,0.125542452,0.355012536
10,1,FEN_K854,38.4,19.8,15.94,0.110885992,0.083897029,0.328452219
10,1,FEN_K855,36.1,26.1,20.39,0.091801244,0.098679705,0.283993997
10,1,FEN_K856,37.3,23.6,20.78,0.09666185,0.08817086,0.299265769
10,1,FEN_K857,58.6,40.1,32.89,0.144876215,0.149678973,0.3883957
10,1,FEN_K859,53.8,36.4,34.72,0.139947858,0.143261042,0.498617132
10,1,FEN_K860,26.8,10.2,6.33,0.078395348,0.042649049,0.148859349
10,1,FEN_K861,43.2,23,23.5,0.110156431,0.089408926,0.336543239
10,1,FEN_K862,37.9,22,24.67,0.084947704,0.072831402,0.232582613
10,1,FEN_K864,49.8,26,30.39,0.121898168,0.093984778,0.379086505
10,1,FEN_K865,55.1,26.8,35.17,0.128557394,0.094964302,0.37608992
10,1,FEN_K867,22.5,14.2,9.89,0.064681724,0.059464486,0.199093569
10,1,FEN_K868,49.7,25.6,24.83,0.135003616,0.10193801,0.416066227
10,1,FEN_K869,30.1,13.7,18.06,0.080695648,0.053738681,0.279970657
10,1,FEN_K870,63,40.9,40.17,0.149337645,0.138692072,0.419986253
10,1,FEN_K871,25.1,14.4,10.89,0.069592968,0.059527393,0.201614163
10,1,FEN_K872,51.1,27.2,50.22,0.112308032,0.089830449,0.543882959
10,1,FEN_K873,48.1,25.1,26.06,0.12556063,0.093921233,0.357654897
10,1,FEN_K874,28.1,14.2,12.33,0.084453448,0.062322656,0.271056658
10,1,FEN_K875,16.6,9.8,8.61,0.052034097,0.042111317,0.217198379
10,1,FEN_K876,37,22.5,34.56,0.088048958,0.077699238,0.369262649
10,1,FEN_K877,55.7,29.1,26.67,0.152682118,0.120359449,0.436522204
10,1,FEN_K883,40.6,23.8,22,0.110027121,0.095536455,0.346708976
10,1,FEN_K886,45.6,23.2,37.78,0.110629113,0.081341582,0.429990331
10,1,FEN_K889,49.1,28.9,35.39,0.112612325,0.102260534,0.361785477
10,1,FEN_K890,31.7,19.8,16,0.086012185,0.078833878,0.259817622
10,1,FEN_K891,25.2,9.4,10,0.076885226,0.040517283,0.243037688
10,1,FEN_K895,42.3,26.6,25.67,0.112674654,0.103866823,0.361965517
10,1,FEN_K897,47.9,24.4,28.94,0.112085891,0.085280032,0.304412937
10,1,FEN_K899,54.8,28.8,29.22,0.142243545,0.11159195,0.40689299
10,1,FEN_K901,70.4,48.8,42.78,0.164216921,0.16404075,0.432287634
10,1,FEN_K902,43.3,28,22.33,0.117521767,0.10778115,0.339593559
10,1,FEN_K904,49.1,28.4,23.39,0.128598024,0.113655829,0.366290047
10,1,FEN_K905,43.3,22.8,23.06,0.118158011,0.093765184,0.374672928
10,1,FEN_K906,64.4,37.4,46.83,0.146637101,0.127798605,0.432708713
28,1,FEN_K910,38.1,20.9,24.89,0.090231165,0.071790455,0.266720527
18,1,FEN_K911,98.3,58.4,62.78,0.21841368,0.194768732,0.564042126
24,1,FEN_K925,92.3,50.1,47.67,0.199698626,0.166621046,0.313204468
22,1,FEN_K927,50.1,34.7,22.39,0.139443179,0.140472253,0.387859551
18,1,FEN_K929,46.9,21.6,26,0.130811784,0.090376591,0.452504465
22,1,FEN_K930,17.7,2.8,4.83,0.042632261,0.010335273,0.058110983
26,1,FEN_K932,31.3,23.5,18.06,0.080296394,0.086364597,0.223562039
10,1,FEN_K935,51.6,30.2,33.67,0.12697016,0.111690415,0.412668206
10,1,FEN_K943,15.9,11.2,5.78,0.058233006,0.05865611,0.227053405
28,2,LAN_C044,32.2,17.7,11.11,0.106326557,0.087727263,0.344277375
28,2,LAN_C047,32.1,24.5,11.5,0.107201059,0.125887659,0.355445111
28,2,LAN_C049,28.4,21.4,6.28,0.099509696,0.112040374,0.232012951
28,2,LAN_C052,3.9,2.3,-0.72,0.014683321,0.012471573,-0.032615334
28,2,LAN_C059,6.1,6.9,-1.06,0.023090256,0.038974993,-0.049242263
28,2,LAN_C061,27.4,14.6,5.39,0.100285637,0.078579664,0.232147567
28,2,LAN_C062,21.7,10.2,2.22,0.080399486,0.055753679,0.108215736
28,2,LAN_C064,15.3,8.6,1.56,0.057243181,0.047036625,0.073482205
28,2,LAN_C074,18.6,16.1,4.67,0.061915859,0.078738912,0.146679499
28,2,LAN_C076,16.4,13.8,4.94,0.059725252,0.075280158,0.217235791
28,2,LAN_C079,9,6.3,2.83,0.033718212,0.034743146,0.142802835
28,2,LAN_C080,10.1,7.2,1.17,0.037430173,0.038928756,0.059127479
28,2,LAN_C082,26.2,14.3,8.06,0.087764643,0.069790331,0.247764987
28,2,LAN_C085,10.7,7.2,1.17,0.039824813,0.036945672,0.046976327
26,2,LAN_C113,21.3,9.7,3.22,0.077968504,0.053415926,0.143366565
28,2,LAN_C154,27.1,14.4,4.61,0.095025094,0.072542437,0.163826365
28,2,LAN_C158,11.4,5,1.28,0.045174087,0.028908255,0.073755272
28,2,LAN_C163,19.4,13.6,7.72,0.066582374,0.068828041,0.239431498
28,2,LAN_C164,14.6,11.4,4.56,0.052342645,0.059726095,0.185393275
28,2,LAN_C166,47.9,31.4,12.61,0.156978417,0.154363907,0.411292078
26,2,LAN_C182,17.1,6.7,2.28,0.061458766,0.034643256,0.094940478
26,2,LAN_C190,36.1,27.6,11.22,0.120078121,0.131958951,0.382351759
26,2,LAN_C191,59.8,37.4,23.72,0.190907194,0.174534972,0.607750153
26,2,LAN_C192,33.9,13.2,5.78,0.121343367,0.069260392,0.251102847
26,2,LAN_C196,28.6,16.1,8.11,0.099976593,0.085050394,0.294324188
26,2,LAN_C198,39.3,25.3,9.11,0.136549751,0.127027496,0.321802315
26,2,LAN_C200,28.9,16.6,6.33,0.104486095,0.088911452,0.272568287
26,2,LAN_C202,64.8,39.8,27.78,0.19476147,0.177475209,0.5555415
26,2,LAN_C203,49.4,30.5,16.39,0.167236705,0.146603519,0.493738851
26,2,LAN_C206,16.4,9.7,3.94,0.052127042,0.045766737,0.107963174
26,2,LAN_C207,8.8,4.6,-0.06,0.033259088,0.025700381,-0.00290108
26,2,LAN_C208,19.4,10.4,5.61,0.067858534,0.051009179,0.203728957
13,2,LAN_C209,19.7,11.4,4.89,0.070458033,0.060015596,0.193658578
26,2,LAN_C211,45.8,21.4,18.89,0.137534488,0.094934297,0.41133337
26,2,LAN_C212,4.6,0.2,0.61,0.017631421,0.00120511,0.036938745
26,2,LAN_C213,24.3,27.3,13.22,0.078651054,0.124649885,0.337273491
26,2,LAN_C214,34.4,22.7,12,0.114328867,0.108433855,0.344931288
26,2,LAN_C215,10.1,5.9,3.06,0.037228172,0.031737716,0.129234608
26,2,LAN_C217,43.9,28.2,18.5,0.136094265,0.12922378,0.426872557
26,2,LAN_C218,43.7,26.1,13.22,0.138002239,0.123030201,0.349227033
26,2,LAN_C220,30.9,16.9,9.28,0.099426294,0.078831393,0.274779327
26,2,LAN_C221,22.8,14.7,5.61,0.073943513,0.070586652,0.1645435
26,2,LAN_C222,33.4,21.6,15.78,0.104632169,0.1026931,0.424008191
26,2,LAN_C223,15.8,5.2,1.67,0.055788193,0.026399177,0.073528584
26,2,LAN_C226,25.9,10.3,5.06,0.087436151,0.051574831,0.165079378
26,2,LAN_C227,13.4,5.1,2.94,0.048130995,0.027177727,0.118940953
26,2,LAN_C228,21.3,10.9,5.89,0.071972738,0.053157049,0.179456355
26,2,LAN_C229,30.8,19.2,5.67,0.114709166,0.104330872,0.25868535
26,2,LAN_C231,25.8,14.3,3.89,0.097939892,0.078886861,0.182502259
26,2,LAN_C232,21.4,10.1,4.78,0.071748219,0.049210708,0.151653292
26,2,LAN_C234,0.2,0.1,0,0.000680967,0.000335988,0
26,2,LAN_C236,10,10,2.22,0.034163768,0.048386463,0.072017257
26,2,LAN_C238,48.6,30.8,13.72,0.175523005,0.159157639,0.54072277
26,2,LAN_C239,35.9,24.7,15.22,0.121486505,0.122241395,0.424340163
26,2,LAN_C241,6.7,8.1,0.5,0.024293743,0.042407086,0.021055151
26,2,LAN_C243,32.6,17.8,11.94,0.106918463,0.083581875,0.355365831
26,2,LAN_C244,21.7,17.8,5.67,0.069169265,0.08155832,0.152464914
26,2,LAN_C245,33.7,21.9,11.5,0.110638265,0.101525308,0.357733467
26,2,LAN_C247,33.3,16.4,8.61,0.110043595,0.078640697,0.295236912
26,2,LAN_C249,15.8,11.6,3.5,0.055523589,0.059376557,0.116123429
26,2,LAN_C250,25.7,15.8,2.11,0.080687087,0.072985497,0.062897786
26,2,LAN_C252,50.9,39.3,29.39,0.158470376,0.174465719,0.790456351
26,2,LAN_C254,13.8,12.9,2.28,0.043352709,0.059805875,0.072760213
26,2,LAN_C255,12.4,5.3,1.39,0.04410549,0.027596637,0.061929926
26,2,LAN_C256,49.4,30.6,16.78,0.166668087,0.152452179,0.512945154
26,2,LAN_C259,45.3,35.9,14.89,0.141993299,0.162441865,0.388217555
26,2,LAN_C260,28.9,24.7,13.94,0.099505593,0.125549169,0.420232226
26,2,LAN_C261,17.8,9.7,2.22,0.057979507,0.045904917,0.070867348
26,2,LAN_C263,56.5,31.7,12.5,0.185966374,0.156406027,0.407333138
26,2,LAN_C265,34.8,22.1,9.89,0.110087384,0.101804179,0.273377545
26,2,LAN_C266,38.9,24.3,11.83,0.124167088,0.117025601,0.354010349
26,2,LAN_C268,47.8,32.7,14.39,0.155426642,0.159430672,0.444930312
26,2,LAN_C270,53.4,28.1,18.67,0.174262383,0.137762115,0.539116278
24,2,LAN_C271,60.1,33.5,18.17,0.192152915,0.154481452,0.512128285
24,2,LAN_C273,5.2,11.4,-0.44,0.020798028,0.063963349,-0.026460027
24,2,LAN_C274,41.9,20.8,10.11,0.150746506,0.110563606,0.420181157
24,2,LAN_C275,50.7,35.7,15.61,0.165115666,0.172078202,0.473372855
24,2,LAN_C276,9.2,5.6,1.56,0.032969724,0.029573536,0.057664885
24,2,LAN_C277,55.4,27.7,17.72,0.180742609,0.126880453,0.499326017
24,2,LAN_C279,70.7,36.9,23.67,0.218278163,0.173593806,0.583840684
24,2,LAN_C280,9.2,5.3,0.61,0.033171384,0.02861863,0.026867262
24,2,LAN_C282,47.7,33,12.44,0.152171043,0.159202294,0.350242807
24,2,LAN_C283,16,3.8,2.72,0.054632863,0.019173362,0.094585604
24,2,LAN_C285,53.1,37.4,18.44,0.179739847,0.178423042,0.608117935
24,2,LAN_C286,14.6,16.2,5,0.052434698,0.084209034,0.189794561
24,2,LAN_C288,22.8,13.4,3.56,0.078431064,0.069105623,0.139070159
24,2,LAN_C289,49.2,24.5,14.06,0.165956174,0.120360925,0.446588447
24,2,LAN_C291,39.2,27.9,11.22,0.131493209,0.135527372,0.338207131
24,2,LAN_C292,NA,30.6,22.17,NA,0.141270977,0.510306846
24,2,LAN_C295,31.1,22.1,6.67,0.101555474,0.107513701,0.212185895
24,2,LAN_C298,18.2,10.1,0.61,0.069575078,0.056885575,0.035645525
24,2,LAN_C299,32,21.9,11.28,0.099800965,0.102093092,0.273598047
24,2,LAN_C300,71.7,48.3,23.94,0.224757474,0.226113094,0.612930168
24,2,LAN_C301,42.7,29.4,17.78,0.143538823,0.142720798,0.488610436
24,2,LAN_C302,53.5,31,15.67,0.167377958,0.142325858,0.429196643
24,2,LAN_C303,24.1,13.6,5.44,0.077829624,0.065561239,0.176533071
24,2,LAN_C305,18.2,14.1,4.17,0.065885064,0.075950581,0.179221299
24,2,LAN_C306,57.2,28.2,11.56,0.193213039,0.140353503,0.418585437
24,2,LAN_C309,38.2,23.1,14.06,0.123286065,0.109574592,0.397566687
24,2,LAN_C310,16.3,10.5,6.33,0.059106062,0.056485051,0.229395088
24,2,LAN_C312,91.6,56.9,41.5,0.270931357,0.251328522,0.842608812
24,2,LAN_C313,86,50.7,29.72,0.269795599,0.23002892,0.743970879
24,2,LAN_C314,90.2,56.7,36.11,0.262740771,0.250061399,0.710029066
24,2,LAN_C315,77.3,51.2,33.28,0.223804578,0.214723496,0.671482027
24,2,LAN_C316,39.1,23,11.39,0.13672458,0.116528334,0.450516787
24,2,LAN_C317,43.2,24.8,15.72,0.137652477,0.113816536,0.435266316
24,2,LAN_C318,59.3,38.8,21.89,0.187286406,0.179559009,0.562224928
24,2,LAN_C320,24.1,12.7,6.22,0.082889645,0.065266245,0.242162108
24,2,LAN_C321,22.9,14.6,6.72,0.078640697,0.074449099,0.248974732
24,2,LAN_C322,35.8,20.2,17.17,0.109049943,0.090721307,0.435110446
24,2,LAN_C323,39.4,22.6,8.61,0.148315761,0.125209489,0.392391814
24,2,LAN_C324,34.3,26.3,13.44,0.104128635,0.119943473,0.315898194
24,2,LAN_C325,59.2,34.4,17.56,0.185980923,0.161409705,0.478906162
24,2,LAN_C326,65.1,37.3,22.5,0.213156261,0.180631379,0.638195798
24,2,LAN_C327,55.2,29.1,21.72,0.168788114,0.12814164,0.509904451
24,2,LAN_C329,72.2,43.9,31,0.222376036,0.203597594,0.657926518
24,2,LAN_C333,66.8,47.2,23.83,0.23119007,0.230848655,0.721510096
24,2,LAN_C335,46.9,32.2,16.72,0.147260214,0.147437864,0.440258545
24,2,LAN_C336,54.8,37.1,20.28,0.174270169,0.172652247,0.540193021
24,2,LAN_C337,121.1,71.4,49.83,0.338977517,0.295936445,0.932173806
24,2,LAN_C338,41.4,29.9,17,0.127536422,0.1335187,0.377959162
24,2,LAN_C340,26.9,52.6,39.78,0.063970037,0.20427149,0.662426255
24,2,LAN_C342,NA,NA,NA,NA,NA,NA
24,2,LAN_C345,58.6,35.4,21.56,0.184406124,0.164538159,0.608437571
24,2,LAN_C346,5.5,5.3,3.22,0.020078842,0.028619924,0.134353158
24,2,LAN_C350,66,43.7,20.5,0.221202946,0.213329683,0.654808331
24,2,LAN_C353,54.3,35.8,19.17,0.174681869,0.165558864,0.569537984
24,2,LAN_C354,74.2,44.1,26.94,0.229352202,0.203576452,0.63842476
24,2,LAN_C357,57.6,34.9,18.44,0.19277121,0.171115702,0.584792875
24,2,LAN_C358,68.4,41.1,25.11,0.218270181,0.191861843,0.676424573
24,2,LAN_C359,47.8,92.2,19.83,0.158914511,0.368907945,0.576246301
24,2,LAN_C360,16.7,45,20.39,0.066533421,0.219252329,0.679661606
22,2,LAN_C362,28.9,20.6,5.61,0.097189694,0.106210376,0.213124092
22,2,LAN_C363,78.3,46.7,22.89,0.25533206,0.229642163,0.670134974
22,2,LAN_C364,34.8,16.9,11.67,0.116673677,0.081394116,0.360386343
22,2,LAN_C366,38.9,23.8,6.5,0.139167088,0.131254268,0.276998031
22,2,LAN_C367,41.4,32.5,13.67,0.136134127,0.156872002,0.435096296
22,2,LAN_C369,59.7,34.4,14.22,0.201692837,0.170758446,0.482605028
22,2,LAN_C370,69.9,42.7,23.28,0.21582168,0.195254852,0.622074508
22,2,LAN_C371,NA,NA,NA,NA,NA,NA
22,2,LAN_C372,48.2,27.8,11.44,0.15396075,0.136757476,0.354175269
22,2,LAN_C374,33.6,21.2,7.67,0.121405881,0.112946141,0.327265456
22,2,LAN_C375,80.8,48.1,29.17,0.240211856,0.210113186,0.625561813
22,2,LAN_C376,56,30.6,12,0.178282067,0.1459914,0.354406366
22,2,LAN_C377,56.6,36.3,16.72,0.186245489,0.180953982,0.534731916
22,2,LAN_C378,60,31.4,16.39,0.208016994,0.166737498,0.646453955
22,2,LAN_C379,51.9,30.2,7,0.198792125,0.169006319,0.401185954
22,2,LAN_C380,70.4,43.2,19.61,0.227249238,0.203464897,0.611391354
22,2,LAN_C382,42.8,24.1,11.61,0.149796853,0.125659434,0.566264192
22,2,LAN_C383,20.3,14.8,4.33,0.071118033,0.074899568,0.169924662
22,2,LAN_C384,53.9,31.3,14.22,0.19558756,0.167135118,0.557890336
22,2,LAN_C386,75,44.6,24.33,0.230452507,0.206736396,0.664175608
22,2,LAN_C388,47.7,29.9,12.83,0.16662423,0.157038628,0.467537325
22,2,LAN_C389,36.3,22.1,7,0.137599406,0.122516568,0.319646747
22,2,LAN_C390,49.2,28.1,9.61,0.165681659,0.141710683,0.3528241
22,2,LAN_C391,84.7,46.6,41.94,0.220968368,0.187308628,0.639790725
22,2,LAN_C393,45.7,28,16.56,0.142197927,0.128422701,0.41753219
22,2,LAN_C396,31.1,21.2,9.17,0.10099248,0.099195471,0.295488352
22,2,LAN_C399,66.4,37.8,21.5,0.193640438,0.159415925,0.466656966
22,2,LAN_C400,15.6,6.8,-0.39,0.049742203,0.033237887,-0.01260634
22,2,LAN_C401,80.5,57.3,30.72,0.253009594,0.25705999,0.773191092
22,2,LAN_C402,88.6,50.5,26.94,0.273241192,0.232407958,0.723773688
22,2,LAN_C403,69.6,43.1,21.11,0.208567215,0.197024033,0.512140513
22,2,LAN_C404,83.4,48.7,24.61,0.257125935,0.221930458,0.641236834
22,2,LAN_C406,40.3,24.5,7.06,0.137137792,0.121378632,0.280906004
22,2,LAN_C407,66.6,42.6,24.67,0.212107246,0.195912538,0.607023401
22,2,LAN_C408,25.8,22.4,8.33,0.086794989,0.107328461,0.250718645
22,2,LAN_C410,92.5,57.2,30.67,0.305731952,0.278986262,0.890925495
22,2,LAN_C411,95.7,65.5,37.06,0.288694907,0.29214055,0.857990891
22,2,LAN_C414,44.2,26.6,10.89,0.154865036,0.139104485,0.422549145
22,2,LAN_C415,38.8,29.7,10.61,0.132476548,0.147823867,0.343719001
22,2,LAN_C418,47.3,28.9,12.56,0.148411943,0.134774516,0.357753854
22,2,LAN_C419,15.4,12.1,2.28,0.057766656,0.06473471,0.103599759
22,2,LAN_C420,16.3,9.9,0.11,0.066801503,0.058776016,0.007457234
22,2,LAN_C422,62.5,36.9,16.83,0.219486336,0.200838524,0.64543955
22,2,LAN_C423,18.7,9.5,2.56,0.072061802,0.054065946,0.133744063
22,2,LAN_C424,71.3,44.4,23.78,0.229449621,0.210659013,0.661396473
22,2,LAN_C425,60.2,33.8,16.67,0.187369763,0.156469234,0.467916962
22,2,LAN_C426,54.2,39.1,14,0.197957781,0.213530533,0.540805081
22,2,LAN_C431,46.2,24.7,9.94,0.181953419,0.144470094,0.504439961
22,2,LAN_C434,83.1,66.7,35.11,0.265734868,0.292186556,0.841805943
22,2,LAN_C435,32.2,24.2,8.17,0.115493521,0.127238546,0.326212565
22,2,LAN_C436,40.6,16.9,19.44,0.13185186,0.081748168,0.51976259
22,2,LAN_C438,77.6,54,27.33,0.253524481,0.256689723,0.765120635
22,2,LAN_C440,96.5,67.9,30.89,0.315913997,0.319359713,0.92755913
22,2,LAN_C441,61.8,41.1,19.06,0.201813752,0.198475463,0.574942486
22,2,LAN_C443,54.9,35.1,18.56,0.165552303,0.162130903,0.488516149
22,2,LAN_C444,30.9,18.6,5.44,0.112520944,0.098130289,0.221542289
22,2,LAN_C446,65.8,42.2,22.11,0.21618208,0.208558878,0.643900787
22,2,LAN_C449,72.9,38.9,26.61,0.219154456,0.177625035,0.618977947
20,2,LAN_C453,53.3,33.6,31.44,0.176583646,0.166190842,0.743989941
20,2,LAN_C455,55.4,31.8,14.83,0.177586142,0.152415856,0.467963928
20,2,LAN_C456,58.5,30.8,12.94,0.199312737,0.157278903,0.489170295
20,2,LAN_C457,57.8,36,19.83,0.185206928,0.165752518,0.510455099
20,2,LAN_C459,64.5,39.3,22.22,0.211773373,0.188923185,0.647918736
20,2,LAN_C460,69.6,40.8,24.06,0.196362606,0.171905571,0.497409411
20,2,LAN_C461,78,45.4,23.78,0.252010617,0.220712359,0.708273073
20,2,LAN_C462,58,38.3,17.06,0.183116895,0.185287387,0.52708219
20,2,LAN_C463,81.6,45.2,23.22,0.252664702,0.203477169,0.638263402
20,2,LAN_C464,29.6,19.7,7.56,0.108591957,0.102933175,0.313992685
20,2,LAN_C465,37.9,23.6,11.72,0.124172326,0.11550623,0.378614225
20,2,LAN_C466,76,42.3,19.17,0.263790657,0.212218196,0.716789184
20,2,LAN_C467,62.3,39.6,24.94,0.18053666,0.170052852,0.518514955
20,2,LAN_C468,41.2,26.4,13.5,0.136387724,0.131212293,0.401809434
20,2,LAN_C469,53.8,25.5,13.61,0.183706531,0.132371618,0.479082027
20,2,LAN_C470,63.3,32.7,21.78,0.200994469,0.159274134,0.785385186
20,2,LAN_C471,81.4,54.2,24.83,0.256971765,0.254615327,0.735678851
20,2,LAN_C472,36.9,10.9,5.44,0.131280144,0.058189225,0.240397084
20,2,LAN_C473,66.6,46.9,21.17,0.216861554,0.214318831,0.617229334
20,2,LAN_C474,54.2,32.6,16.5,0.17490255,0.156497378,0.488124063
20,2,LAN_C476,NA,NA,NA,NA,NA,NA
20,2,LAN_C481,47.9,30.3,13.61,0.155843882,0.144823039,0.453689586
20,2,LAN_C482,42.7,24.7,11.28,0.15019675,0.121641317,0.421130446
20,2,LAN_C483,50.8,31.4,12.61,0.187277004,0.164453381,0.532957249
20,2,LAN_C485,63.3,34.1,20.89,0.194343489,0.15220207,0.505967649
20,2,LAN_C486,92.8,55.1,31.06,0.288482938,0.251015511,0.759888766
20,2,LAN_C487,40.2,18.7,8.83,0.145704747,0.100310226,0.466110588
20,2,LAN_C488,106.9,68.3,39.22,0.311424238,0.294032959,0.861620189
20,2,LAN_C489,96.4,56.9,33.67,0.304878508,0.266939232,0.861855983
20,2,LAN_C491,59.8,38.1,20,0.187372224,0.176230233,0.527819335
20,2,LAN_C492,41.9,25.6,12.89,0.141058849,0.12537025,0.381524302
20,2,LAN_C493,63.3,31.5,19,0.186901153,0.136368745,0.438031867
20,2,LAN_C494,106.1,62.8,34.83,0.327300107,0.296832211,0.899127569
20,2,LAN_C495,40,21.2,7.78,0.147597216,0.118612337,0.364468572
20,2,LAN_C496,58.5,30.5,16.06,0.184930885,0.147315757,0.473299022
20,2,LAN_C498,78,44.2,30.83,0.227590844,0.199509784,0.667011061
20,2,LAN_C499,17.6,9,2.11,0.064665286,0.048132705,0.103786637
16,2,LAN_C500,88.8,60.2,34.78,0.272325857,0.268108797,0.818752037
16,2,LAN_C501,50.3,29.4,19,0.149547848,0.129912822,0.4348663
16,2,LAN_C502,85.4,54.4,36.5,0.251969049,0.243013195,0.744546116
16,2,LAN_C503,51.5,31.7,22.11,0.160023394,0.144288495,0.508214356
16,2,LAN_C504,69.3,39.4,22.89,0.230191975,0.188189499,0.676844585
16,2,LAN_C505,87.3,52.8,38.56,0.250882737,0.225844114,0.778061122
16,2,LAN_C506,74.8,46.8,24.72,0.240776276,0.222435553,0.658285999
16,2,LAN_C507,98.8,52.6,42.11,0.282547767,0.230666765,0.802445551
16,2,LAN_C508,76.7,41.3,27.28,0.240456474,0.194720951,0.679077601
16,2,LAN_C509,71.7,41.7,20.89,0.249458335,0.215915142,0.699695531
16,2,LAN_C510,88.6,53.5,33.56,0.273758326,0.24689039,0.837032246
16,2,LAN_C511,52.4,27.7,16.5,0.171118212,0.134676581,0.488124063
16,2,LAN_C512,94.3,59,36.72,0.289721443,0.26590932,0.826245003
16,2,LAN_C513,100.8,56.5,43.28,0.296608165,0.259161525,0.821464284
16,2,LAN_C514,72.1,45.4,31.83,0.220102065,0.209074999,0.689469605
16,2,LAN_C515,78.6,44,26.11,0.253951961,0.207705706,0.724702413
16,2,LAN_C516,46.1,24.2,12.11,0.166093033,0.130348616,0.471693986
16,2,LAN_C518,78.2,46.8,31.61,0.258649462,0.22200762,0.847961914
16,2,LAN_C519,68.8,40.6,23.39,0.236247418,0.210587846,0.737225109
16,2,LAN_C520,63.4,36,23.67,0.196642494,0.166913922,0.596768663
16,2,LAN_C521,131.9,74.2,58.44,0.365999309,0.311881024,1.035667011
16,2,LAN_C522,58.1,31.4,41.89,0.195237615,0.161309479,0.929986908
16,2,LAN_C523,93.7,51.4,46.28,0.263859083,0.227074925,0.821365794
16,2,LAN_C524,69.8,40.4,24.89,0.220995705,0.19075677,0.647390924
16,2,LAN_C525,122.9,59,19.89,0.380494983,0.289051245,0.675093433
16,2,LAN_C526,92.6,60.2,41.67,0.26810134,0.263442504,0.808980023
16,2,LAN_C527,26.8,19.4,6.67,0.110514284,0.113441627,0.367443601
16,2,LAN_C528,73.7,47.1,29.94,0.202405684,0.193246844,0.550770298
16,2,LAN_C529,106.3,65.8,36.22,0.344813062,0.30949651,0.959479628
16,2,LAN_C530,75.5,103.6,31.39,0.227738556,0.385977584,0.701292399
16,2,LAN_C531,75.7,18.8,24.39,0.247305659,0.102955589,0.704223601
16,2,LAN_C532,77.8,76,26.56,0.271938901,0.469486808,0.837411135
16,2,LAN_C533,94.8,58.9,34.89,0.300297381,0.278984951,0.861642202
16,2,LAN_C535,68.8,44.6,25.11,0.228365239,0.213672514,0.75839093
16,2,LAN_C536,60.4,34.9,17.5,0.183968963,0.16452957,0.468381849
16,2,LAN_C541,39.4,38.7,18.33,0.141891341,0.195657076,0.617156878
16,2,LAN_C542,36.9,23.2,8.22,0.134534558,0.124035129,0.352543792
16,2,LAN_C543,64.7,40.2,18.44,0.231635702,0.214880722,0.664224753
16,2,LAN_C544,82.9,49.9,24.94,0.272732021,0.244168464,0.783414209
16,2,LAN_C546,80.1,43.8,32.94,0.246522905,0.205575506,0.74318952
16,2,LAN_C551,89.1,52.4,34.22,0.251607668,0.223408325,0.667404333
16,2,LAN_C557,81.8,49.9,27.22,0.280608305,0.255847158,0.881647254
16,2,LAN_C560,64.3,40.2,23.72,0.188841815,0.176267184,0.537164871
16,2,LAN_C561,32.2,26.2,12.39,0.115079561,0.134047889,0.416141562
16,2,LAN_C562,82.6,50.4,30.67,0.255249834,0.231982295,0.752525368
16,2,LAN_C563,76.6,30.7,32.83,0.223262144,0.142956396,0.686719953
16,2,LAN_C564,68.1,40.8,19.5,0.242865501,0.208356732,0.729985389
16,2,LAN_C565,96.5,59.3,43.94,0.273247977,0.250671242,0.804515895
16,2,LAN_C567,84.4,59.4,35.44,0.247526517,0.259641866,0.771472264
16,2,LAN_C568,72.3,51.4,24.78,0.224761315,0.228504892,0.629232587
16,2,LAN_C569,109.9,68.7,52.28,0.326998172,0.303291693,1.005890309
16,2,LAN_C570,92.2,62,42,0.262222323,0.265209828,0.794148074
16,2,LAN_C571,82.6,54.2,38.06,0.259553516,0.253370789,0.824117801
16,2,LAN_C572,107.9,73.3,65.94,0.282803818,0.291586373,0.950158021
16,2,LAN_C573,83.4,52.1,33.61,0.253412287,0.233668293,0.725180721
16,2,LAN_C574,54.1,35.3,19.78,0.184513908,0.177726472,0.592222613
16,2,LAN_C575,83.3,55.7,27.06,0.259457223,0.247501866,0.701736531
16,2,LAN_C576,84,53.1,5.67,0.24726947,0.226622677,0.206170963
16,2,LAN_C577,74.9,39,28,0.231182119,0.186118582,0.685529798
16,2,LAN_C578,117.7,71.3,44.44,0.340946696,0.31089766,0.929047676
16,2,LAN_C579,85.8,54.7,38.22,0.246465629,0.226868014,0.715620823
16,2,LAN_C580,57.9,36.2,22.22,0.180608304,0.164501764,0.51495614
16,2,LAN_C581,92.1,46.8,39.44,0.28004346,0.216999554,0.83529439
16,2,LAN_C582,42.2,29.7,9.94,0.142102616,0.153828112,0.349952775
16,2,LAN_C583,67.2,37.4,21,0.226954748,0.18754428,0.652527826
16,2,LAN_C584,99.2,64.2,49.56,0.283709088,0.271775556,0.88043821
16,2,LAN_C586,90.2,57.8,40.17,0.267831249,0.251853654,0.812471154
16,2,LAN_C587,63.8,60.9,35,0.194372751,0.257444104,0.682124456
16,2,LAN_C588,56.9,41.4,24.83,0.189599588,0.198312458,0.640944978
16,2,LAN_C589,60.8,40.2,29,0.18337459,0.180987193,0.653155164
13,2,LAN_C590,39.2,26.2,9.56,0.141315713,0.138837205,0.380299337
13,2,LAN_C591,73.3,35.2,35.56,0.197379606,0.138981243,0.545810987
13,2,LAN_C592,28.4,15.2,6.33,0.103696764,0.083790494,0.274983473
13,2,LAN_C593,39,25.8,10.28,0.144886579,0.140496993,0.425019117
13,2,LAN_C594,53.1,33.1,21.44,0.164870052,0.153269827,0.512092173
13,2,LAN_C595,70,43.3,22.67,0.234680658,0.216807848,0.686875682
13,2,LAN_C596,46.3,24.2,13.33,0.163578295,0.125520472,0.448915299
13,2,LAN_C597,44.1,27.3,13,0.14790448,0.138693319,0.431907168
13,2,LAN_C598,53.4,32.2,15.83,0.186172334,0.167011345,0.548999157
13,2,LAN_C599,51.1,33.4,19.28,0.164219228,0.15905804,0.540278238
13,2,LAN_C600,35.8,24.4,11.06,0.120734383,0.119997096,0.361548837
13,2,LAN_C601,66.8,42.6,23.33,0.207861469,0.204738852,0.589950512
13,2,LAN_C602,49.1,30.7,14,0.17361467,0.159656113,0.536326705
13,2,LAN_C603,63.2,55.2,26.33,0.193671528,0.236308265,0.619877829
13,2,LAN_C604,59.6,35.7,20.61,0.199045206,0.173340827,0.62784753
13,2,LAN_C605,40.5,20.7,7.83,0.150610763,0.113950941,0.375486441
13,2,LAN_C606,47.1,26.3,12.72,0.170547817,0.144073733,0.485523991
13,2,LAN_C607,35.3,23.1,11.33,0.127889111,0.124304221,0.41133337
13,2,LAN_C608,51.7,32.3,14.61,0.182921388,0.170814709,0.544465445
13,2,LAN_C610,69.9,38.3,23.17,0.228769615,0.187715631,0.653428068
13,2,LAN_C611,59.8,39.9,22.11,0.184425989,0.180773691,0.529127655
13,2,LAN_C612,51.4,26.6,14.61,0.180572556,0.135397614,0.513528138
13,2,LAN_C613,39.6,20.9,10.61,0.137164944,0.106358632,0.36447784
13,2,LAN_C614,69.1,41.8,29.61,0.208519169,0.185714416,0.616665339
13,2,LAN_C615,57.5,35.8,16.11,0.205751758,0.190593085,0.61034016
13,2,LAN_C616,37.1,22.7,13.17,0.118553204,0.109220103,0.369368037
13,2,LAN_C617,52.7,24.9,14.5,0.176500197,0.122801699,0.470315962
13,2,LAN_C618,70.3,41.9,24.61,0.232821205,0.208686968,0.678991301
13,2,LAN_C619,53.9,29.2,19.39,0.165765201,0.13763606,0.475316226
13,2,LAN_C620,71.8,47.3,28.5,0.231971915,0.225040997,0.71842917
13,2,LAN_C622,50.9,35.7,14.72,0.186514065,0.188975636,0.567733149
13,2,LAN_C625,71.9,47.8,26.72,0.22139132,0.216966365,0.630283276
13,2,LAN_C626,58.6,42.5,24.11,0.183325915,0.194397844,0.606947444
13,2,LAN_C628,68.8,43.3,27.28,0.217400538,0.200656855,0.690770429
13,2,LAN_C633,41.3,22.2,12.28,0.141568827,0.115797604,0.409181931
13,2,LAN_C634,58.8,36.1,22.5,0.200473157,0.17898236,0.688717159
13,2,LAN_C637,48.5,26.5,13,0.1702808,0.143300704,0.494547822
13,2,LAN_C638,50.9,39.9,20,0.17777058,0.19831846,0.616582423
13,2,LAN_C639,60.3,31,20.61,0.1936293,0.14707949,0.548993595
13,2,LAN_C640,50.4,26.8,15.78,0.164934025,0.129245977,0.442780234
13,2,LAN_C647,60.9,42.2,21.72,0.202914617,0.203667871,0.6075129
13,2,LAN_C648,60.5,39.7,21.94,0.186087467,0.184126496,0.518517888
13,2,LAN_C651,48.7,34.9,12.39,0.192375687,0.202730994,0.598952093
13,2,LAN_C652,74.7,42.6,25.5,0.231055056,0.194826514,0.649206043
13,2,LAN_C653,70.7,45.7,23.67,0.229637837,0.215676828,0.663745074
13,2,LAN_C654,40.8,24.6,11.22,0.152321834,0.13723233,0.469675773
13,2,LAN_C655,59.8,38.1,22.17,0.19399807,0.187299978,0.59852905
13,2,LAN_C656,44.7,26.5,12.78,0.165057769,0.145275741,0.527884602
13,2,LAN_C657,76,48.2,26.78,0.24021281,0.227739279,0.673754241
13,2,LAN_C658,55.3,32,15.78,0.186960931,0.166176471,0.507879583
13,2,LAN_C659,19.4,14,4.11,0.069885422,0.075588089,0.171223224
13,2,LAN_C660,46.9,28.2,13.11,0.165851572,0.14646803,0.479873721
13,2,LAN_C661,55.1,37.3,18.78,0.182764252,0.183862725,0.591290675
13,2,LAN_C663,72.8,46.7,28.89,0.223157992,0.209486725,0.668624596
13,2,LAN_C664,51.5,35.3,17.06,0.178839614,0.178665866,0.545282428
13,2,LAN_C665,70.9,44.1,24,0.2136359,0.198182776,0.569051325
13,2,LAN_C666,83.9,50.1,30.78,0.275787987,0.246544062,0.830949526
13,2,LAN_C667,51.4,37.9,18.5,0.17745271,0.186975512,0.57590034
13,2,LAN_C668,31.4,16.6,8.39,0.110910625,0.087129601,0.318577342
13,2,LAN_C669,77.8,47.4,32.28,0.231794416,0.216409294,0.723450691
13,2,LAN_C670,88.3,52.8,35.06,0.266245317,0.236511054,0.819863178
13,2,LAN_C671,81.8,58.8,29.22,0.262164751,0.271992634,0.728551696
13,2,LAN_C672,102.5,67.6,53.11,0.286099494,0.277312291,0.852017832
13,2,LAN_C673,48.6,27.6,12.94,0.163066556,0.137212988,0.444637837
13,2,LAN_C674,79.3,51.1,31.39,0.248402425,0.239519311,0.753621499
13,2,LAN_C675,80.7,55.7,29.78,0.260826685,0.270233495,0.75795303
13,2,LAN_C676,124.3,54.1,33.61,0.354238096,0.251906296,0.808794757
13,2,LAN_C677,89.7,58.8,41.33,0.260649284,0.253805346,1.037370568
13,2,LAN_C678,68.8,37.8,28.94,0.195986243,0.166113682,0.576295476
10,2,LAN_C680,41.1,19.7,10.33,0.14430011,0.104030059,0.374914453
10,2,LAN_C681,37.2,23.6,9.39,0.138212063,0.127749781,0.385081767
10,2,LAN_C682,27.6,20,9.28,0.092996191,0.100220937,0.300236719
10,2,LAN_C683,38.9,22.6,9.33,0.125533642,0.106066701,0.282912969
10,2,LAN_C684,55.4,34.6,16.44,0.178975181,0.163400495,0.469295618
10,2,LAN_C685,32.2,20.7,10.56,0.1153137,0.107845681,0.389520317
10,2,LAN_C686,41.2,25.5,15.28,0.131274507,0.12277003,0.406451923
10,2,LAN_C687,42.1,23.2,14.5,0.136525242,0.111806858,0.397171485
10,2,LAN_C688,36.4,28.2,12.78,0.124053386,0.144358288,0.420850972
10,2,LAN_C689,34,18.6,11.78,0.122533095,0.097091648,0.453448485
10,2,LAN_C690,47,23.8,11.94,0.16989133,0.12930504,0.494034477
10,2,LAN_C691,39.7,20.9,11.61,0.134877989,0.10677958,0.369790282
10,2,LAN_C692,45.2,26.3,14.39,0.159425757,0.136990828,0.500829173
10,2,LAN_C693,44.9,23.8,11.33,0.153821476,0.119950137,0.427604032
10,2,LAN_C694,47.3,30.3,13.11,0.168717961,0.162847636,0.45851053
13,2,LAN_C695,72.1,47.1,25.5,0.236273208,0.230283048,0.726851566
10,2,LAN_C696,43.9,22.9,17.33,0.133135995,0.10406061,0.397029659
10,2,LAN_C697,35.5,23.3,9.72,0.127916402,0.121563493,0.33916495
10,2,LAN_C698,48.8,31.3,14.22,0.169668353,0.167481583,0.524511511
10,2,LAN_C700,52.9,30.6,17.89,0.166724774,0.152057718,0.486371521
10,2,LAN_C701,45.4,29.3,15.72,0.152430606,0.147431286,0.466645583
10,2,LAN_C702,35.7,21.1,9.44,0.134029512,0.116207151,0.4351992
10,2,LAN_C703,47.6,28,18.67,0.14578785,0.127658166,0.42341114
10,2,LAN_C704,46.8,25.6,14.11,0.160985103,0.13283597,0.474926622
10,2,LAN_C705,43.7,25.9,16.72,0.127714422,0.113266265,0.368338937
10,2,LAN_C706,42.6,29.3,13,0.147297165,0.151513982,0.436483639
10,2,LAN_C707,50.2,28.8,14.28,0.178482912,0.150486086,0.540884214
10,2,LAN_C708,22.8,11.6,8,0.082380867,0.060963862,0.276772265
10,2,LAN_C711,43.6,35.2,14.56,0.154521741,0.176829025,0.491879552
10,2,LAN_C712,45.2,27.1,16.11,0.14667722,0.133757062,0.465670494
10,2,LAN_C714,56.2,34.1,15.33,0.18677215,0.163770911,0.440683688
10,2,LAN_C717,52.4,33.6,16.61,0.177361237,0.166356585,0.511290553
10,2,LAN_C720,41.3,23.1,14.28,0.135496289,0.114568989,0.390566072
10,2,LAN_C721,45.9,28.8,15.11,0.161580117,0.149873358,0.51337863
10,2,LAN_C722,52.4,31.7,19.39,0.161260007,0.149000275,0.492011727
10,2,LAN_C724,53.8,34.1,21.61,0.164749417,0.157662981,0.512068566
10,2,LAN_C730,31.4,19.9,17.5,0.107066214,0.099615705,0.505896819
10,2,LAN_C731,45.9,27.9,14.44,0.15174706,0.137105842,0.461162853
10,2,LAN_C732,46.1,25.9,14.67,0.151074286,0.122615562,0.405043994
10,2,LAN_C733,45.5,24.2,15.67,0.147372407,0.115910481,0.447258387
10,2,LAN_C736,41.1,28.7,12.28,0.151737234,0.154542634,0.514388662
10,2,LAN_C741,53.2,31.3,20.67,0.164351235,0.143383656,0.480014391
10,2,LAN_C742,51.3,30.4,20.39,0.154304083,0.136931536,0.484087089
10,2,LAN_C743,46.2,28.2,15.22,0.147443509,0.13440637,0.417025374
10,2,LAN_C744,48.5,29.2,16.22,0.159136948,0.143097064,0.460800135
10,2,LAN_C745,48.4,32.6,16.67,0.154929487,0.156201094,0.483793532
10,2,LAN_C746,44.7,27.9,15.5,0.144618842,0.136125701,0.446679683
10,2,LAN_C747,38.5,22.4,12.67,0.138784332,0.115734224,0.480201734
10,2,LAN_C748,17.8,10.3,6.28,0.067775463,0.058138066,0.264854256
10,2,LAN_C749,41.2,25.9,16.72,0.132548509,0.12232533,0.442714972
10,2,LAN_C750,48.9,27.3,17.94,0.163040265,0.1366316,0.532325987
10,2,LAN_C751,28.2,16.9,13.5,0.087505427,0.076575915,0.332131667
10,2,LAN_C752,37.8,23.6,12.67,0.126341834,0.112577097,0.377913209
10,2,LAN_C754,39.7,24.2,8.5,0.138589366,0.125451583,0.312069307
10,2,LAN_C755,44.9,32.4,18.89,0.141972051,0.150145758,0.487518179
10,2,LAN_C756,32.7,17.4,8.78,0.118075408,0.094296,0.355920554
10,2,LAN_C757,42.5,26.2,12.33,0.151453479,0.141401639,0.479470121
10,2,LAN_C758,57.4,52.6,18.94,0.192077623,0.243912908,0.580525215
10,2,LAN_C759,43.4,27.6,NA,0.150504843,0.142894818,NA
10,2,LAN_C760,52.1,32.3,16.94,0.174902854,0.16183728,0.523115855
10,2,LAN_C761,47.3,30.5,18.17,0.140661915,0.132055472,0.380882536
10,2,LAN_C762,50.6,25,17.67,0.168403553,0.121904954,0.540933001
10,2,LAN_C764,41.7,26.5,14.72,0.14073173,0.13216612,0.460957064
10,2,LAN_C765,47.6,22.3,16.89,0.160311631,0.116259215,0.530839692
10,2,LAN_C766,30.5,17.1,8.78,0.109259932,0.089418571,0.334888052
10,2,LAN_C767,37.7,24.6,12.56,0.132031364,0.127383885,0.429109196
10,2,LAN_C768,33.3,14.4,9.89,0.123691024,0.081569244,0.415484489
10,2,LAN_C769,51.7,35.1,20.56,0.165970162,0.171713685,0.534188664
18,2,LAN_C775,45.7,33.7,13.06,0.146478063,0.155664115,0.376988203
10,2,LAN_C776,61.4,34.7,23.72,0.184046827,0.153620764,0.538482461
20,2,LAN_C778,23.8,17.7,5.78,0.080580004,0.087460276,0.204291545
20,2,LAN_C792,75.9,42.5,27.28,0.228627699,0.190352516,0.638064294
26,2,LAN_C804,3.8,2.2,-2.06,0.013882067,0.011402259,-0.087093601
18,2,LAN_C807,81.5,57.8,39.33,0.247325322,0.258182265,0.827752446
28,2,LAN_C808,10.9,7.3,3.5,0.038114624,0.037288142,0.123529292
26,2,LAN_C810,8.8,5.2,0,0.032171133,0.027651139,0
13,2,LAN_C811,65.3,41.6,23.67,0.21382173,0.209822102,0.672239867
10,2,LAN_C820,18.8,8.4,5.61,0.072943157,0.047496275,0.257854728
22,2,LAN_C823,88.7,53.9,27,0.27248283,0.246924509,0.649514485
13,2,LAN_C824,63.8,39.5,25.44,0.193337807,0.176440568,0.552341721
20,2,LAN_C840,112.8,68.9,45.89,0.308196341,0.282011385,0.846757864
20,2,LAN_C843,81.8,53.6,38.11,0.232467176,0.236351721,0.722216777
20,2,LAN_C844,117.4,70.3,50.22,0.319621187,0.29205299,0.894132174
20,2,LAN_C845,36.5,18.6,7.44,0.14311415,0.107655196,0.389274659
20,2,LAN_C846,18.1,11.5,1.67,0.069857351,0.063870535,0.085639267
20,2,LAN_C847,67.9,37.7,23.56,0.20525982,0.168920393,0.553794219
20,2,LAN_C851,35.6,19.3,7.33,0.127489762,0.102532306,0.297947061
20,2,LAN_C852,96.4,61.3,38.56,0.268852483,0.249879184,0.758367856
20,2,LAN_C853,70.9,41.8,20,0.235260482,0.205511206,0.636184614
20,2,LAN_C856,39.1,21.8,7.33,0.137109972,0.113253515,0.294274504
20,2,LAN_C857,50.9,26.8,11.61,0.180029691,0.142762307,0.441836055
20,2,LAN_C858,85.7,51.7,30.11,0.252173589,0.223284837,0.651456819
20,2,LAN_C859,75.1,42.7,19.61,0.239856069,0.193876772,0.559756842
20,2,LAN_C860,122,73.1,46.17,0.351171379,0.317648564,0.956214899
20,2,LAN_C861,65,34.6,19.06,0.206357907,0.162548917,0.533042294
20,2,LAN_C862,129.6,65.2,31,0.369232109,0.298264227,0.788581427
20,2,LAN_C864,72.3,41.3,16.17,0.259112725,0.219907116,0.655801282
20,2,LAN_C865,91.4,60.5,24.83,0.311151165,0.29757184,0.870078393
20,2,LAN_C866,60.7,44.2,16.22,0.202841007,0.212640316,0.501744057
20,2,LAN_C867,48.6,25.2,7.28,0.181430868,0.143090986,0.378827792
20,2,LAN_C868,67.8,38.7,13.39,0.256884266,0.210016368,0.634393941
20,2,LAN_C869,72.9,53.3,21.72,0.252140258,0.26059335,0.729140804
20,2,LAN_C871,57.9,32.1,13.22,0.187815928,0.154249191,0.425197494
20,2,LAN_C873,109.2,67.4,27.44,0.36578412,0.332225376,0.888773075
20,2,LAN_C875,112.6,68.4,32.33,0.376513993,0.326708562,0.958978993
20,2,LAN_C876,89.3,55.1,31.17,0.253954977,0.23947487,0.672827929
20,2,LAN_C877,47.1,29,13.11,0.159823374,0.143795471,0.412928649
20,2,LAN_C878,23.8,16.8,3.33,0.092178219,0.094878986,0.196969454
20,2,LAN_C879,40.7,24.4,9,0.145200383,0.126810362,0.385081767
20,2,LAN_C880,87.8,56.6,28.83,0.281238797,0.272160199,0.830638203
20,2,LAN_C881,86.5,53.7,29,0.255536975,0.23496223,0.691826427
18,2,LAN_C882,76.2,48.2,27.72,0.230937979,0.222207328,0.71356565
18,2,LAN_C883,82.3,50.7,26.39,0.246253637,0.228869595,0.644271446
18,2,LAN_C884,90.7,62,49.11,0.241908925,0.242419775,0.740004471
18,2,LAN_C885,66.8,38.8,19.72,0.216745951,0.188995565,0.585423179
18,2,LAN_C886,173.6,86.3,58.11,0.435047331,0.353214972,1.025757557
18,2,LAN_C888,40.6,25.9,11.78,0.129869529,0.123139717,0.357207267
18,2,LAN_C890,25.1,21.2,7.28,0.099713365,0.11592586,0.355783825
18,2,LAN_C891,76.2,45.3,26.06,0.239947343,0.212009902,0.701528626
18,2,LAN_C892,68.1,46.4,21.22,0.22473055,0.227270063,0.66819586
18,2,LAN_C893,79.7,47.8,25.39,0.252254551,0.224936239,0.682806938
18,2,LAN_C894,80.3,50.2,31.83,0.235234893,0.220345046,0.649816783
18,2,LAN_C895,84.2,55,24.39,0.263024969,0.25256908,0.699616465
18,2,LAN_C896,68.6,36.3,19.83,0.196641446,0.161906395,0.468069212
18,2,LAN_C897,92.3,60.4,38.94,0.259469102,0.261189814,0.729406383
18,2,LAN_C898,85.8,47.3,30.28,0.249616509,0.207166383,0.663219222
18,2,LAN_C899,71.2,44,25.56,0.226785545,0.207210918,0.650039585
18,2,LAN_C900,69.3,46.9,18.83,0.233252136,0.225148741,0.677800118
18,2,LAN_C901,86.8,57.7,38.56,0.246269301,0.23678894,0.756634249
18,2,LAN_C902,74.1,45.1,21.06,0.251254493,0.222440311,0.708260348
18,2,LAN_C904,88.7,54.6,34.11,0.254996858,0.227446185,0.7516873
18,2,LAN_C905,25.4,12.6,5.83,0.088628381,0.065096864,0.208917346
18,2,LAN_C906,35.4,20.2,9,0.127230971,0.109783472,0.375071486
18,2,LAN_C907,82.6,68.3,26.28,0.259497086,0.295278235,0.751329339
18,2,LAN_C908,67.6,41.4,19.39,0.215363481,0.189828744,0.568150631
18,2,LAN_C909,79.3,45.1,26.5,0.249098242,0.207600204,0.714842693
18,2,LAN_C910,78.1,52.1,19.56,0.276107858,0.268902487,0.74400153
18,2,LAN_C911,44.7,27,9.44,0.159022284,0.147196567,0.391735206
18,2,LAN_C913,80,49.9,28,0.243413374,0.224847175,0.697162719
18,2,LAN_C914,94.2,66.1,32.39,0.296107788,0.295410457,0.858558662
18,2,LAN_C915,43.5,21.2,10.17,0.135531007,0.101827254,0.31089766
18,2,LAN_C916,57.7,39.3,18.22,0.194307278,0.195626281,0.594968077
18,2,LAN_C917,26.7,13.1,3.89,0.10373975,0.077353688,0.233488997
18,2,LAN_C918,61,39.7,20.78,0.194701683,0.184605342,0.591214156
18,2,LAN_C919,113.3,73.7,45.67,0.3456434,0.323377328,1.005113753
18,2,LAN_C920,100.8,NA,39.33,0.310112607,NA,0.956834816
18,2,LAN_C921,61.4,41.1,16.56,0.203010577,0.202460293,0.524050741
18,2,LAN_C922,46.1,36.5,17.28,0.16365067,0.185158286,0.57155184
18,2,LAN_C924,61.8,41.5,19.22,0.224346219,0.216678214,0.705884718
18,2,LAN_C925,60.3,39.6,19.5,0.21920391,0.208874822,0.711629914
18,2,LAN_C926,89.2,54.1,29.44,0.28024038,0.245394686,0.751070399
18,2,LAN_C927,58.7,33.8,13.17,0.205248419,0.178709488,0.515464846
18,2,LAN_C928,34.9,23.6,11.72,0.122655786,0.120045119,0.387733589
18,2,LAN_C929,66.4,41.8,21.72,0.210714792,0.198692475,0.611289017
18,2,LAN_C930,58.1,30.9,16.22,0.180393514,0.143532884,0.451311005
18,2,LAN_C931,99.6,64.6,43.17,0.29841274,0.281204948,0.911101488
18,2,LAN_C932,50.3,32.1,11.06,0.177737818,0.168989484,0.452855972
18,2,LAN_C933,91.2,62.7,32.78,0.301614744,0.305609084,0.90794504
18,2,LAN_C934,105.5,67.2,37.67,0.331165162,0.315546688,0.964568032
18,2,LAN_C935,55.2,36.3,14.39,0.195107694,0.185388618,0.526392084
18,2,LAN_C936,46.6,24.1,11.44,0.151707579,0.116551876,0.361115382
18,2,LAN_C937,46.2,28.3,10.83,0.154337157,0.13828081,0.362348284
18,2,LAN_C938,46.1,30.5,13.72,0.161571558,0.153352065,0.51244831
18,2,LAN_C940,43.3,27.7,16,0.13807433,0.132114674,0.444442194
18,2,LAN_C941,21.4,6.4,5.5,0.079397004,0.034289841,0.232004164
18,2,LAN_C942,53.1,34.4,12.61,0.178944889,0.176157141,0.451538968
18,2,LAN_C943,30.8,22.4,10.78,0.094813908,0.101982035,0.287663496
18,2,LAN_C944,103,61.9,38.72,0.307375348,0.278061229,0.867686795
18,2,LAN_C945,96.2,62.5,39.61,0.270903786,0.251591224,0.754191638
18,2,LAN_C946,99.6,61.3,50.33,0.271737872,0.250373053,0.817473427
18,2,LAN_C947,81.3,53.6,24.22,0.26867262,0.259395798,0.771120564
18,2,LAN_C948,86.2,52.9,34.78,0.251718421,0.230530019,0.714592197
18,2,LAN_C949,37.8,24.2,10,0.124501193,0.119309351,0.3463707
18,2,LAN_C950,108.9,69.5,49.56,0.296602145,0.280457441,0.865390132
18,2,LAN_C951,55.2,38.6,20.44,0.174103703,0.173655948,0.541469026
18,2,LAN_C952,40.4,25.5,11.61,0.131713819,0.122061969,0.351254895
18,2,LAN_C953,74.6,49.6,25.44,0.225327411,0.216006381,0.596154993
18,2,LAN_C954,97.2,65.5,36.67,0.275178576,0.268531311,0.777826491
18,2,LAN_C955,43,26.8,15.17,0.137775442,0.124837374,0.417152583
18,2,LAN_C956,65,41,23.06,0.196638283,0.182478842,0.543514513
18,2,LAN_C957,56.7,35.8,14.44,0.186866794,0.168530726,0.485873488
18,2,LAN_C958,85.4,61.8,32.39,0.260896579,0.274839037,0.793083913
18,2,LAN_C959,90.6,57.4,27.67,0.288738124,0.25761205,0.772683065
18,2,LAN_C960,86.4,52.7,26.11,0.263164545,0.238930473,0.663950065
18,2,LAN_C962,87.7,53.8,31.17,0.271463262,0.246193634,0.763545322
18,2,LAN_C963,88.4,60.3,33.72,0.256436576,0.251049709,0.702253226
18,2,LAN_C964,90.1,57.5,39.5,0.261860725,0.242933359,0.756388724
18,2,LAN_C965,77.6,51.7,27.78,0.253946815,0.242766958,0.806188449
18,2,LAN_C966,100.6,67.3,35.89,0.284695289,0.288642428,0.786689308
18,2,LAN_C967,103.6,64.7,39.61,0.293195558,0.268743543,0.776654432
18,2,LAN_C968,72.6,47.3,23.56,0.225827028,0.216982783,0.661923579
18,2,LAN_C969,52.8,33.9,16.28,0.176640076,0.163472483,0.491516626
18,2,LAN_C970,45.8,26.6,13.44,0.15987951,0.129240352,0.464682327
18,2,LAN_C971,123.4,75.3,57.5,0.326570383,0.296184525,0.922216773
20,2,LAN_C982,53.7,32.3,15.44,0.184307478,0.158401909,0.61034016
